0_0_1_20231111200646265384.png,7.5491953256990065
0_0_1_20231111200709733806.png,7.9277591627507356
0_0_1_20231111200737758999.png,10.69808510206935
0_0_1_20231111200827493751.png,7.546731846368335
0_0_1_20231111200949641359.png,4.222256096219427
0_0_1_20231111201038069562.png,4.4430596899621095
0_0_1_20231111201126116464.png,3.4686048055908882
0_0_1_20231111201156537688.png,7.879037741734302
0_0_1_20231111201221689245.png,7.46928445125821
0_1_3_20231111200805576766.png,6.403940054241243
0_1_3_20231111200851997602.png,6.88640765071254
0_1_3_20231111200921742011.png,7.708294541715414
0_1_3_20231111201013968007.png,6.679605364655436
0_1_3_20231111201100504521.png,3.5027677647857574
1_0_0_20231111193134797384.png,10.617948235841224
1_0_0_20231111193156914470.png,4.155216425887486
1_0_0_20231111193227246255.png,5.148332173724638
1_0_0_20231111193255296489.png,7.350110493525861
1_0_0_20231111193315556659.png,7.251670080444906
1_0_0_20231111193336761200.png,7.214379326384822
1_0_0_20231111193355061882.png,13.160861232672403
1_0_0_20231111193416016172.png,3.8316069570326277
1_1_2_20231111193441135435.png,7.035999070508632
1_1_2_20231111193504617399.png,6.6658052397455085
1_1_2_20231111193535102245.png,5.665850117408714
1_1_2_20231111193555680970.png,5.081248061219645
1_1_2_20231111193615315807.png,8.60304202234003
2_0_3_20231111193643386716.png,8.862224646822877
2_0_3_20231111193717106519.png,6.946108757549882
2_0_3_20231111193736861514.png,8.894684981623813
2_0_3_20231111193759660353.png,4.144655066108348
2_0_3_20231111193823041625.png,9.277665721074616
2_0_3_20231111193846379778.png,6.014104806514805
2_0_3_20231111193917969119.png,4.230720002144191
2_1_1_20231111193951431213.png,6.927823029179594
2_1_1_20231111194020956812.png,5.854398026693876
2_1_1_20231111194054834371.png,5.594599078523588
2_1_1_20231111194126427983.png,6.6483121868658985
2_1_1_20231111194140431423.png,4.427986858030664
2_1_1_20231111194152046784.png,5.455827214106456
2_1_1_20231111194219666469.png,8.966041249991422
3_0_2_20231111194240375652.png,5.51550124778407
3_0_2_20231111194259404856.png,5.062710324679291
3_0_2_20231111194328394374.png,7.596373681691651
3_0_2_20231111194353106762.png,7.140959258994565
3_0_2_20231111194419477039.png,6.3770355342478275
3_0_2_20231111194436999020.png,8.809861523434565
3_1_0_20231111194512994807.png,6.309131890708128
3_1_0_20231111194537686174.png,5.610917771411176
3_1_0_20231111194555803914.png,4.854671612720088
3_1_0_20231111194616472146.png,10.199340983680683
3_1_0_20231111194637844268.png,4.553746309314848
4_0_3_20231111194704861073.png,4.145243009845288
4_0_3_20231111194726632742.png,7.06994994713192
4_0_3_20231111194755197584.png,7.672373133258209
4_0_3_20231111194817558715.png,9.240088554619513
4_0_3_20231111194838743721.png,7.67285646752869
4_1_2_20231111194858654816.png,7.442325073411665
4_1_2_20231111194919508157.png,6.340335486795344
4_1_2_20231111194941981129.png,7.187297403731573
4_1_2_20231111195003545690.png,8.889445565422088
4_1_2_20231111195045236745.png,8.91137058250979
5_0_1_20231111195110498741.png,6.626064425535043
5_0_1_20231111195131813587.png,7.695389506891503
5_0_1_20231111195157184059.png,5.703548113428221
5_0_1_20231111195241778835.png,5.040857288392553
5_0_1_20231111195337181186.png,8.18847514804426
5_0_1_20231111195401213369.png,8.419236458459809
5_0_1_20231111195423556563.png,5.222614018995735
5_1_0_20231111195446132949.png,6.207667645138737
5_1_0_20231111195509625772.png,6.770546299829064
5_1_0_20231111195528960883.png,6.397471745509863
5_1_0_20231111195600956518.png,9.038232934186523
5_1_0_20231111195626840708.png,5.336899903784307
5_1_0_20231111195646901261.png,5.112253288743291
5_1_0_20231111195707444345.png,7.631556825184996
5_1_0_20231111195734208282.png,4.070789061058477
5_1_0_20231111195759847493.png,6.213693619773481
6_0_0_20231111195832044560.png,5.83987784912031
6_0_0_20231111195853971593.png,6.770758185126057
6_0_0_20231111195916815158.png,6.089511987167226
6_0_0_20231111195938172707.png,5.3229923730513775
6_0_0_20231111200003596087.png,9.530898180730329
6_1_3_20231111200027522045.png,5.93178902211091
6_1_3_20231111200048700781.png,5.4313494696312015
6_1_3_20231111200117143207.png,6.924096928200467
6_1_3_20231111200141401884.png,4.376388552794882
7_0_2_20231111200209811196.png,6.8119735110005815
7_0_2_20231111200229113431.png,4.421422337394732
7_0_2_20231111200249795037.png,5.445825045472192
7_0_2_20231111200316928691.png,5.867278284910181
7_0_2_20231111200348553772.png,4.813479233707786
7_0_2_20231111200420349310.png,6.148925517450653
7_1_1_20231111200445463484.png,5.440807488120605
7_1_1_20231111200514052077.png,6.587027492319646
7_1_1_20231111200533923795.png,4.737854284238483
7_1_1_20231111200559418886.png,7.18549943691596
7_1_1_20231111200622781893.png,7.460481896442911
