filename,gender,race,is_generated
1_4_20240125135432972113.png,1,4,True
1_4_20240125135457902968.png,1,4,True
1_4_20240125135518872306.png,1,4,True
1_4_20240125135627845807.png,1,4,True
1_4_20240125135906820732.png,1,4,True
1_1_20240125135931505969.png,1,1,True
1_1_20240125135950161674.png,1,1,True
1_1_20240125140017366692.png,1,1,True
1_1_20240125140040747750.png,1,1,True
1_1_20240125140108742384.png,1,1,True
1_1_20240125140157010212.png,1,1,True
1_4_20240125140228120469.png,1,4,True
1_4_20240125140253296120.png,1,4,True
1_4_20240125140316369730.png,1,4,True
1_4_20240125140344780385.png,1,4,True
1_4_20240125140404903736.png,1,4,True
1_4_20240125140431634792.png,1,4,True
1_4_20240125140502138044.png,1,4,True
1_4_20240125140523485398.png,1,4,True
1_4_20240125140544454722.png,1,4,True
1_4_20240125140611093200.png,1,4,True
1_4_20240125140633357226.png,1,4,True
1_4_20240125140749945914.png,1,4,True
1_4_20240125140808354088.png,1,4,True
1_4_20240125140825202426.png,1,4,True
1_4_20240125140847771456.png,1,4,True
1_4_20240125140912486698.png,1,4,True
1_4_20240125140933159665.png,1,4,True
1_4_20240125141003225686.png,1,4,True
1_4_20240125141041653367.png,1,4,True
1_4_20240125141109387819.png,1,4,True
1_4_20240125141139344642.png,1,4,True
1_4_20240125141159713754.png,1,4,True
1_4_20240125141250042131.png,1,4,True
1_4_20240125141308803202.png,1,4,True
1_4_20240125141331270732.png,1,4,True
1_4_20240125141356381426.png,1,4,True
1_4_20240125141429880568.png,1,4,True
1_4_20240125141450917467.png,1,4,True
1_4_20240125141523349505.png,1,4,True
1_4_20240125141554943079.png,1,4,True
1_4_20240125141620848035.png,1,4,True
1_4_20240125141639979661.png,1,4,True
1_4_20240125141722860989.png,1,4,True
1_4_20240125141817827149.png,1,4,True
1_4_20240125141840708130.png,1,4,True
1_4_20240125141919981950.png,1,4,True
1_4_20240125141939639966.png,1,4,True
1_4_20240125142025854454.png,1,4,True
1_4_20240125142049694050.png,1,4,True
0_3_20240125142135755708.png,0,3,True
0_3_20240125142153028339.png,0,3,True
0_3_20240125142212898602.png,0,3,True
0_3_20240125142238536313.png,0,3,True
0_3_20240125142404706423.png,0,3,True
0_3_20240125142510912732.png,0,3,True
0_3_20240125142527182776.png,0,3,True
0_3_20240125142617756548.png,0,3,True
0_3_20240125142641790816.png,0,3,True
0_3_20240125142700151818.png,0,3,True
0_3_20240125142718448757.png,0,3,True
0_3_20240125142806498923.png,0,3,True
0_3_20240125142825037793.png,0,3,True
0_3_20240125142907738822.png,0,3,True
0_3_20240125142934384474.png,0,3,True
0_3_20240125143030292539.png,0,3,True
0_3_20240125143045491516.png,0,3,True
0_3_20240125143121648198.png,0,3,True
0_3_20240125143138783014.png,0,3,True
0_3_20240125143159610562.png,0,3,True
0_3_20240125143217111755.png,0,3,True
0_3_20240125143235358280.png,0,3,True
0_3_20240125143304816922.png,0,3,True
0_4_20240125143334816108.png,0,4,True
0_4_20240125143358927447.png,0,4,True
0_4_20240125143440371551.png,0,4,True
0_4_20240125143458839489.png,0,4,True
0_4_20240125143518189806.png,0,4,True
0_4_20240125143537532893.png,0,4,True
0_4_20240125143603541160.png,0,4,True
0_4_20240125143632862744.png,0,4,True
0_4_20240125143655553550.png,0,4,True
1_3_20240125143720471289.png,1,3,True
1_3_20240125143800918953.png,1,3,True
1_3_20240125143818613523.png,1,3,True
1_3_20240125143854909794.png,1,3,True
1_3_20240125143914534926.png,1,3,True
1_3_20240125143930990236.png,1,3,True
1_3_20240125144016901968.png,1,3,True
1_3_20240125144045095141.png,1,3,True
1_3_20240125144104144957.png,1,3,True
1_3_20240125144124222817.png,1,3,True
1_3_20240125144144458964.png,1,3,True
1_3_20240125144204069163.png,1,3,True
1_3_20240125144227233433.png,1,3,True
1_3_20240125144250892736.png,1,3,True
1_3_20240125144316245441.png,1,3,True
1_3_20240125144347622515.png,1,3,True
1_3_20240125144409234288.png,1,3,True
1_3_20240125144428265760.png,1,3,True
1_3_20240125144456789127.png,1,3,True
1_3_20240125144518383238.png,1,3,True
0_1_20240125144640531643.png,0,1,True
0_1_20240125144708455834.png,0,1,True
0_1_20240125144748751414.png,0,1,True
0_1_20240125144805129486.png,0,1,True
0_1_20240125144823369433.png,0,1,True
0_1_20240125144848100457.png,0,1,True
0_1_20240125144932748138.png,0,1,True
0_1_20240125145015550843.png,0,1,True
0_1_20240125145038711603.png,0,1,True
0_1_20240125145103782186.png,0,1,True
0_1_20240125145124502530.png,0,1,True
0_1_20240125145149259875.png,0,1,True
0_1_20240125145207210759.png,0,1,True
0_1_20240125145227343355.png,0,1,True
0_1_20240125145247959868.png,0,1,True
0_1_20240125145332628816.png,0,1,True
1_1_20231227203804877311.png,1,1,True
1_1_20231227203831994305.png,1,1,True
1_1_20231227203911961765.png,1,1,True
1_1_20231227204107851277.png,1,1,True
1_1_20231227204130368021.png,1,1,True
1_1_20231227204148284042.png,1,1,True
1_1_20231227204208217943.png,1,1,True
1_1_20231227204353752757.png,1,1,True
1_1_20231227204412274179.png,1,1,True
1_1_20231227204440076540.png,1,1,True
1_1_20231227204502874431.png,1,1,True
1_1_20231227204524202626.png,1,1,True
1_1_20231227204543537507.png,1,1,True
1_1_20231227204614273261.png,1,1,True
1_1_20231227204635423403.png,1,1,True
1_1_20231227204704804526.png,1,1,True
1_1_20231227204754071777.png,1,1,True
1_1_20231227204826442737.png,1,1,True
1_1_20231227204950811662.png,1,1,True
1_1_20231227205009472824.png,1,1,True
1_1_20231227205257642063.png,1,1,True
1_1_20231227205328279302.png,1,1,True
1_1_20231227205347033004.png,1,1,True
1_1_20231227205502324180.png,1,1,True
1_1_20231227205547457480.png,1,1,True
1_1_20231227205619812233.png,1,1,True
1_1_20231227205639808850.png,1,1,True
1_1_20231227205700886895.png,1,1,True
1_1_20231227205800577685.png,1,1,True
1_1_20231227205821214092.png,1,1,True
1_1_20231227205842865103.png,1,1,True
1_1_20231227205902980736.png,1,1,True
1_1_20231227205926897980.png,1,1,True
1_1_20231227205945220232.png,1,1,True
1_1_20231227210007100636.png,1,1,True
1_1_20231227210029678536.png,1,1,True
1_1_20231227210053721418.png,1,1,True
1_1_20231227210122651887.png,1,1,True
1_1_20231227210147311233.png,1,1,True
1_1_20231227210206926565.png,1,1,True
1_1_20231227210226426667.png,1,1,True
1_1_20231227210244481895.png,1,1,True
1_1_20231227210304365786.png,1,1,True
1_3_20231227210326421096.png,1,3,True
1_3_20231227210434016375.png,1,3,True
1_3_20231227210450725303.png,1,3,True
1_3_20231227210523174949.png,1,3,True
1_3_20231227210551828657.png,1,3,True
1_3_20231227210614143128.png,1,3,True
1_3_20231227210347996291.png,1,3,True
1_3_20231227210641408246.png,1,3,True
1_3_20231227210740236654.png,1,3,True
1_3_20231227210809140190.png,1,3,True
1_3_20231227210826897793.png,1,3,True
1_3_20231227210956593869.png,1,3,True
1_3_20231227211050639243.png,1,3,True
1_3_20231227211147931957.png,1,3,True
1_3_20231227211207957813.png,1,3,True
1_3_20231227211301990681.png,1,3,True
1_3_20231227211324122859.png,1,3,True
1_3_20231227211357819031.png,1,3,True
1_3_20231227211421527924.png,1,3,True
1_3_20231227211452170834.png,1,3,True
1_3_20231227211510890485.png,1,3,True
1_3_20231227211802390437.png,1,3,True
1_3_20231227211854136765.png,1,3,True
1_4_20231227211914296737.png,1,4,True
1_4_20231227211945054664.png,1,4,True
1_4_20231227212007592997.png,1,4,True
1_4_20231227212143839029.png,1,4,True
1_4_20231227212235429078.png,1,4,True