total,l1,l2,l3,l2r
1,0,15,12,0
2,0,15,12,0
3,0,15,12,0
4,0,15,12,0
5,0,15,12,0
6,0,15,12,0
7,0,15,12,0
8,0,15,12,0
9,0,15,12,0
10,0,15,11,0
11,0,15,11,0
12,0,15,11,0
13,0,15,11,0
14,0,15,11,0
15,0,15,11,0
16,0,15,11,0
17,0,15,11,0
18,0,15,11,0
19,0,15,11,0
20,0,15,11,0
21,0,15,11,0
22,0,15,11,0
23,0,15,11,0
24,0,15,11,0
25,0,15,11,0
26,0,15,11,0
27,0,15,11,0
28,0,15,11,0
29,0,15,11,0
30,0,15,10,0
31,0,15,10,0
32,0,15,10,0
33,0,15,10,0
34,0,15,10,0
35,0,15,10,0
36,0,15,10,0
37,0,15,10,0
38,0,15,10,0
39,0,15,10,0
40,0,15,10,0
41,0,15,10,0
42,0,15,10,0
43,0,15,10,0
44,0,15,10,0
45,0,15,10,0
46,0,15,10,0
47,0,15,10,0
48,0,15,10,0
49,0,15,10,0
50,0,15,10,0
51,0,15,9,0
52,0,15,9,0
53,0,15,9,0
54,0,15,9,0
55,0,15,9,0
56,0,15,9,0
57,0,15,9,0
58,0,15,9,0
59,0,15,9,0
60,0,15,9,0
61,0,15,9,0
62,0,15,9,0
63,0,15,9,0
64,0,15,9,0
65,0,15,9,0
66,0,15,9,0
67,0,15,9,0
68,0,15,9,0
69,0,15,9,0
70,0,15,9,0
71,0,15,9,0
72,0,15,9,0
73,0,15,9,0
74,0,15,9,0
75,0,15,9,0
76,0,15,9,0
77,0,15,8,0
78,0,15,8,0
79,0,15,8,0
80,0,15,8,0
81,0,15,8,0
82,0,15,8,0
83,0,15,8,0
84,0,15,8,0
85,0,15,8,0
86,0,15,8,0
87,0,15,8,0
88,0,15,8,0
89,0,15,8,0
90,0,15,8,0
91,0,15,8,0
92,0,15,8,0
93,0,15,8,0
94,0,15,8,0
95,0,15,8,0
96,0,15,8,0
97,0,15,8,0
98,0,15,8,0
99,0,15,8,0
100,0,15,8,0
101,0,15,8,0
102,0,15,8,0
103,0,15,8,0
104,0,15,8,0
105,0,15,8,0
106,0,15,8,0
107,0,15,8,0
108,0,15,8,0
109,0,15,8,0
110,0,15,8,0
111,0,15,8,0
112,0,15,8,0
113,0,15,8,0
114,0,15,8,0
115,0,15,8,0
116,0,15,8,0
117,0,15,8,0
118,0,15,8,0
119,0,15,8,0
120,0,15,8,0
121,0,15,8,0
122,0,15,8,0
123,0,15,8,0
124,0,15,8,0
125,0,15,8,0
126,0,15,8,0
127,0,15,8,0
128,0,15,8,0
129,0,15,8,0
130,0,15,8,0
131,0,15,8,0
132,0,15,8,0
133,0,15,8,0
134,0,15,7,0
135,0,15,7,0
136,0,15,7,0
137,0,15,7,0
138,0,15,7,0
139,0,15,7,0
140,0,15,7,0
141,0,15,7,0
142,0,15,7,0
143,0,15,7,0
144,0,15,7,0
145,0,15,7,0
146,0,15,7,0
147,0,15,7,0
148,0,15,7,0
149,0,15,7,0
150,0,15,7,0
151,0,15,7,0
152,0,15,7,0
153,0,15,7,0
154,0,15,7,0
155,0,15,7,0
156,0,15,7,0
157,0,15,7,0
158,0,15,7,0
159,0,15,7,0
160,0,15,7,0
161,0,15,7,0
162,0,15,7,0
163,0,15,7,0
164,0,15,7,0
165,0,15,7,0
166,0,15,7,0
167,0,15,7,0
168,0,15,7,0
169,0,15,7,0
170,0,15,7,0
171,0,15,7,0
172,0,15,7,0
173,0,15,7,0
174,0,15,7,0
175,0,15,7,0
176,0,15,7,0
177,0,15,7,0
178,0,15,7,0
179,0,15,7,0
180,0,15,7,0
181,0,15,7,0
182,0,15,7,0
183,0,15,7,0
184,0,15,7,0
185,0,15,7,0
186,0,15,7,0
187,0,15,7,0
188,0,15,7,0
189,0,15,7,0
190,0,15,7,0
191,0,15,7,0
192,0,15,7,0
193,0,15,7,0
194,0,14,8,1
195,0,14,8,1
196,0,14,8,1
197,0,14,8,1
198,0,14,8,1
199,0,14,8,1
200,0,14,8,1
201,0,14,8,1
202,0,14,8,1
203,0,14,8,1
204,0,14,8,1
205,0,14,8,1
206,0,14,8,1
207,0,14,8,1
208,0,14,8,1
209,0,14,8,1
210,0,14,8,1
211,0,14,8,1
212,0,14,8,1
213,0,14,8,1
214,0,14,8,1
215,0,14,8,1
216,0,14,8,1
217,0,14,8,1
218,0,14,8,1
219,0,14,8,1
220,0,14,8,1
221,0,14,8,1
222,0,14,8,1
223,0,14,8,1
224,0,14,8,1
225,0,14,8,1
226,0,14,8,1
227,0,14,8,1
228,0,14,8,1
229,0,14,8,1
230,0,14,8,1
231,0,14,8,1
232,0,14,8,1
233,0,14,8,1
234,0,14,8,1
235,0,14,8,1
236,0,14,8,1
237,0,14,8,1
238,0,14,8,1
239,0,14,8,1
240,0,14,8,1
241,0,14,8,1
242,0,14,8,1
243,0,14,8,1
244,0,14,8,1
245,0,14,8,1
246,0,14,8,1
247,0,14,8,1
248,0,14,8,1
249,0,14,8,1
250,0,14,8,1
251,0,14,8,1
252,0,14,8,1
253,0,14,8,1
254,0,14,8,1
255,0,14,8,1
256,0,14,8,1
257,0,14,8,1
258,0,14,8,1
259,0,14,7,1
260,0,14,7,1
261,0,14,7,1
262,0,14,7,1
263,0,14,7,1
264,0,14,7,1
265,0,14,7,1
266,0,14,7,1
267,0,14,7,1
268,0,14,7,1
269,0,14,7,1
270,0,14,7,1
271,0,14,7,1
272,0,14,7,1
273,0,14,7,1
274,0,14,7,1
275,0,14,7,1
276,0,14,7,1
277,0,14,7,1
278,0,14,7,1
279,0,14,7,1
280,0,14,7,1
281,0,14,7,1
282,0,14,7,1
283,0,14,7,1
284,0,14,7,1
285,0,14,7,1
286,0,14,7,1
287,0,14,7,1
288,0,14,7,1
289,0,14,7,1
290,0,14,7,1
291,0,14,7,1
292,0,14,7,1
293,0,14,7,1
294,0,14,7,1
295,0,14,7,1
296,0,14,7,1
297,0,14,7,1
298,0,14,7,1
299,0,14,7,1
300,0,14,7,1
301,0,14,7,1
302,0,14,7,1
303,0,14,7,1
304,0,14,7,1
305,0,14,7,1
306,0,14,7,1
307,0,14,7,1
308,0,14,7,1
309,0,14,7,1
310,0,14,7,1
311,0,14,7,1
312,0,14,7,1
313,0,14,7,1
314,0,14,7,1
315,0,14,7,1
316,0,14,7,1
317,0,14,7,1
318,0,14,7,1
319,0,14,7,1
320,0,14,7,1
321,0,14,7,1
322,0,14,7,1
323,0,14,7,1
324,0,14,7,1
325,0,14,7,1
326,0,14,7,1
327,0,14,7,1
328,0,14,7,1
329,0,14,6,1
330,0,14,6,1
331,0,14,6,1
332,0,14,6,1
333,0,14,6,1
334,0,14,6,1
335,0,14,6,1
336,0,14,6,1
337,0,14,6,1
338,0,14,6,1
339,0,14,6,1
340,0,14,6,1
341,0,14,6,1
342,0,14,6,1
343,0,14,6,1
344,0,14,6,1
345,0,14,6,1
346,0,14,6,1
347,0,14,6,1
348,0,14,6,1
349,0,14,6,1
350,0,14,6,1
351,0,14,6,1
352,0,14,6,1
353,0,14,6,1
354,0,14,6,1
355,0,14,6,1
356,0,14,6,1
357,0,14,6,1
358,0,14,6,1
359,0,14,6,1
360,0,14,6,1
361,0,14,6,1
362,0,14,6,1
363,0,14,6,1
364,0,14,6,1
365,0,14,6,1
366,0,14,6,1
367,0,14,6,1
368,0,14,6,1
369,0,14,6,1
370,0,14,6,1
371,0,14,6,1
372,0,14,6,1
373,0,14,6,1
374,0,14,6,1
375,0,14,6,1
376,0,14,6,1
377,0,14,6,1
378,0,14,6,1
379,0,14,6,1
380,0,14,6,1
381,0,14,6,1
382,0,14,6,1
383,0,14,6,1
384,0,14,6,1
385,0,14,6,1
386,0,14,6,1
387,0,14,6,1
388,0,14,6,1
389,0,14,6,1
390,0,14,6,1
391,0,14,6,1
392,0,14,6,1
393,0,14,6,1
394,0,14,6,1
395,0,14,6,1
396,0,14,6,1
397,0,14,6,1
398,0,14,6,1
399,0,14,6,1
400,0,14,6,1
401,0,14,6,1
402,0,14,6,1
403,0,14,6,1
404,0,14,6,1
405,0,14,6,1
406,0,14,6,1
407,0,14,5,1
408,0,14,5,1
409,0,14,5,1
410,0,14,5,1
411,0,14,5,1
412,0,14,5,1
413,0,14,5,1
414,0,14,5,1
415,0,14,5,1
416,0,14,5,1
417,0,14,5,1
418,0,14,5,1
419,0,14,5,1
420,0,14,5,1
421,0,14,5,1
422,0,14,5,1
423,0,14,5,1
424,0,14,5,1
425,0,14,5,1
426,0,14,5,1
427,0,14,5,1
428,0,14,5,1
429,0,14,5,1
430,0,14,5,1
431,0,14,5,1
432,0,14,5,1
433,0,14,5,1
434,0,14,5,1
435,0,14,5,1
436,0,14,5,1
437,0,14,5,1
438,0,14,5,1
439,0,14,5,1
440,0,14,5,1
441,0,14,5,1
442,0,14,5,1
443,0,14,5,1
444,0,14,5,1
445,0,14,5,1
446,0,14,5,1
447,0,14,5,1
448,0,14,5,1
449,0,14,5,1
450,0,14,5,1
451,0,14,5,1
452,0,14,5,1
453,0,14,5,1
454,0,14,5,1
455,0,14,5,1
456,0,14,5,1
457,0,14,5,1
458,0,14,5,1
459,0,14,5,1
460,0,14,5,1
461,0,14,5,1
462,0,14,5,1
463,0,14,5,1
464,0,14,5,1
465,0,14,5,1
466,0,14,5,1
467,0,14,5,1
468,0,14,5,1
469,0,14,5,1
470,0,14,5,1
471,0,14,5,1
472,0,14,5,1
473,0,14,5,1
474,0,14,5,1
475,0,14,5,1
476,0,14,5,1
477,0,14,5,1
478,0,14,5,1
479,0,14,5,1
480,0,14,5,1
481,0,14,5,1
482,0,14,5,1
483,0,14,5,1
484,0,14,5,1
485,0,14,4,1
486,0,14,4,1
487,0,14,4,1
488,0,14,4,1
489,0,14,4,1
490,0,14,4,1
491,0,14,4,1
492,0,14,4,1
493,0,14,4,1
494,0,14,4,1
495,0,14,4,1
496,0,14,4,1
497,0,14,4,1
498,0,14,4,1
499,0,14,4,1
500,0,14,4,1
501,0,14,4,1
502,0,14,4,1
503,0,14,4,1
504,0,14,4,1
505,0,14,4,1
506,0,14,4,1
507,0,14,4,1
508,0,14,4,1
509,0,14,4,1
510,0,14,4,1
511,0,14,4,1
512,0,14,4,1
513,0,14,4,1
514,0,14,4,1
515,0,14,4,1
516,0,14,4,1
517,0,14,4,1
518,0,14,4,1
519,0,14,4,1
520,0,14,4,1
521,0,14,4,1
522,0,14,4,1
523,0,14,4,1
524,0,14,4,1
525,0,14,4,1
526,0,14,4,1
527,0,14,4,1
528,0,14,4,1
529,0,14,4,1
530,0,14,4,1
531,0,14,4,1
532,0,14,4,1
533,0,14,4,1
534,0,14,4,1
535,0,14,4,1
536,0,14,4,1
537,0,14,4,1
538,0,14,4,1
539,0,14,4,1
540,0,14,4,1
541,0,14,4,1
542,0,14,4,1
543,0,14,4,1
544,0,14,4,1
545,0,14,4,1
546,0,14,4,1
547,0,14,4,1
548,0,14,4,1
549,0,14,4,1
550,0,14,4,1
551,0,14,4,1
552,0,14,4,1
553,0,14,4,1
554,0,14,4,1
555,0,14,4,1
556,0,14,4,1
557,0,14,4,1
558,0,14,4,1
559,0,14,4,1
560,0,14,4,1
561,0,14,4,1
562,0,14,4,1
563,0,14,4,1
564,0,14,4,1
565,0,14,4,1
566,0,14,4,1
567,0,14,4,1
568,0,14,4,1
569,0,14,3,1
570,0,14,3,1
571,0,14,3,1
572,0,14,3,1
573,0,14,3,1
574,0,14,3,1
575,0,14,3,1
576,0,14,3,1
577,0,14,3,1
578,0,14,3,1
579,0,14,3,1
580,0,14,3,1
581,0,14,3,1
582,0,14,3,1
583,0,14,3,1
584,0,14,3,1
585,0,14,3,1
586,0,14,3,1
587,0,14,3,1
588,0,14,3,1
589,0,14,3,1
590,0,14,3,1
591,0,14,3,1
592,0,14,3,1
593,0,14,3,1
594,0,14,3,1
595,0,14,3,1
596,0,14,3,1
597,0,14,3,1
598,0,14,3,1
599,0,14,3,1
600,0,14,3,1
601,0,14,3,1
602,0,14,3,1
603,0,14,3,1
604,0,14,3,1
605,0,14,3,1
606,0,14,3,1
607,0,14,3,1
608,0,14,3,1
609,0,14,3,1
610,0,14,3,1
611,0,14,3,1
612,0,14,3,1
613,0,14,3,1
614,0,14,3,1
615,0,14,3,1
616,0,14,3,1
617,0,14,3,1
618,0,14,3,1
619,0,14,3,1
620,0,14,3,1
621,0,14,3,1
622,0,14,3,1
623,0,14,3,1
624,0,14,3,1
625,0,14,3,1
626,0,14,3,1
627,0,14,3,1
628,0,14,3,1
629,0,14,3,1
630,0,14,3,1
631,0,14,3,1
632,0,14,3,1
633,0,14,3,1
634,0,14,3,1
635,0,14,3,1
636,0,14,3,1
637,0,14,3,1
638,0,14,3,1
639,0,14,3,1
640,0,14,3,1
641,0,14,3,1
642,0,14,3,1
643,0,14,3,1
644,0,14,3,1
645,0,14,3,1
646,0,14,3,1
647,0,14,3,1
648,0,14,3,1
649,0,14,3,1
650,0,14,3,1
651,0,14,3,1
652,0,14,3,1
653,0,14,3,1
654,0,14,3,1
655,0,14,3,1
656,0,13,3,2
657,0,13,3,2
658,0,13,3,2
659,0,13,3,2
660,0,13,3,2
661,0,13,3,2
662,0,13,3,2
663,0,13,3,2
664,0,13,3,2
665,0,13,3,2
666,0,13,3,2
667,0,13,3,2
668,0,13,3,2
669,0,13,3,2
670,0,13,3,2
671,0,13,3,2
672,0,13,3,2
673,0,13,3,2
674,0,13,3,2
675,0,13,3,2
676,0,13,3,2
677,0,13,3,2
678,0,13,3,2
679,0,13,3,2
680,0,13,3,2
681,0,13,3,2
682,0,13,3,2
683,0,13,3,2
684,0,13,3,2
685,0,13,3,2
686,0,13,3,2
687,0,13,3,2
688,0,13,3,2
689,0,13,3,2
690,0,13,3,2
691,0,13,3,2
692,0,13,3,2
693,0,13,3,2
694,0,13,3,2
695,0,13,3,2
696,0,13,3,2
697,0,13,3,2
698,0,13,3,2
699,0,13,3,2
700,0,13,3,2
701,0,13,3,2
702,0,13,3,2
703,0,13,3,2
704,0,13,3,2
705,0,13,3,2
706,0,13,3,2
707,0,13,3,2
708,0,13,3,2
709,0,13,3,2
710,0,13,3,2
711,0,13,3,2
712,0,13,3,2
713,0,13,3,2
714,0,13,3,2
715,0,13,3,2
716,0,13,3,2
717,0,13,3,2
718,0,13,3,2
719,0,13,3,2
720,0,13,3,2
721,0,13,3,2
722,0,13,3,2
723,0,13,3,2
724,0,13,3,2
725,0,13,3,2
726,0,13,3,2
727,0,13,3,2
728,0,13,3,2
729,0,13,3,2
730,0,13,3,2
731,0,13,3,2
732,0,13,3,2
733,0,13,3,2
734,0,13,3,2
735,0,13,3,2
736,0,13,3,2
737,0,13,3,2
738,0,13,3,2
739,0,13,3,2
740,0,13,3,2
741,0,13,3,2
742,0,13,3,2
743,0,13,3,2
744,0,13,3,2
745,0,13,3,2
746,0,13,3,2
747,0,13,3,2
748,0,13,3,2
749,0,13,3,2
750,0,13,3,2
751,0,13,3,2
752,0,13,3,2
753,0,13,3,2
754,0,13,3,2
755,0,13,3,2
756,0,13,3,2
757,0,13,3,2
758,0,13,3,2
759,0,13,3,2
760,0,13,3,2
761,0,13,3,2
762,0,13,3,2
763,0,13,3,2
764,0,13,3,2
765,0,13,3,2
766,0,13,3,2
767,0,13,3,2
768,0,13,3,2
769,0,13,3,2
770,0,13,3,2
771,0,13,3,2
772,0,13,3,2
773,0,13,3,2
774,0,13,3,2
775,0,13,3,2
776,0,13,3,2
777,0,13,3,2
778,0,13,3,2
779,0,13,3,2
780,0,13,3,2
781,0,13,3,2
782,0,12,3,3
783,0,12,3,3
784,0,12,3,3
785,0,12,3,3
786,0,12,3,3
787,0,12,3,3
788,0,12,3,3
789,0,12,3,3
790,0,12,3,3
791,0,12,3,3
792,0,12,3,3
793,0,12,3,3
794,0,12,3,3
795,0,12,3,3
796,0,12,3,3
797,0,12,3,3
798,0,12,3,3
799,0,12,3,3
800,0,12,3,3
801,0,12,3,3
802,0,12,3,3
803,0,12,3,3
804,0,12,3,3
805,0,12,3,3
806,0,12,3,3
807,0,12,3,3
808,0,12,3,3
809,0,12,3,3
810,0,12,3,3
811,0,12,3,3
812,0,12,3,3
813,0,12,3,3
814,0,12,3,3
815,0,12,3,3
816,0,12,3,3
817,0,12,3,3
818,0,12,3,3
819,0,12,3,3
820,0,12,3,3
821,0,12,3,3
822,0,12,3,3
823,0,12,3,3
824,0,12,3,3
825,0,12,3,3
826,0,12,3,3
827,0,12,3,3
828,0,12,3,3
829,0,12,3,3
830,0,12,3,3
831,0,12,3,3
832,0,12,3,3
833,0,12,3,3
834,0,12,3,3
835,0,12,3,3
836,0,12,3,3
837,0,12,3,3
838,0,12,3,3
839,0,12,3,3
840,0,12,3,3
841,0,12,3,3
842,0,12,3,3
843,0,12,3,3
844,0,12,3,3
845,0,12,3,3
846,0,12,3,3
847,0,12,3,3
848,0,12,3,3
849,0,12,3,3
850,0,12,3,3
851,0,12,3,3
852,0,12,3,3
853,0,12,3,3
854,0,12,3,3
855,0,12,3,3
856,0,12,3,3
857,0,12,3,3
858,0,12,3,3
859,0,12,3,3
860,0,12,3,3
861,0,12,3,3
862,0,12,3,3
863,0,12,3,3
864,0,12,3,3
865,0,12,3,3
866,0,12,3,3
867,0,12,3,3
868,0,12,3,3
869,0,12,3,3
870,0,12,3,3
871,0,12,3,3
872,0,12,3,3
873,0,12,3,3
874,0,12,3,3
875,0,12,3,3
876,0,12,3,3
877,0,12,3,3
878,0,12,3,3
879,0,12,3,3
880,0,12,3,3
881,0,12,3,3
882,0,12,3,3
883,0,12,3,3
884,0,12,3,3
885,0,12,3,3
886,0,12,3,3
887,0,12,3,3
888,0,12,3,3
889,0,12,3,3
890,0,12,3,3
891,0,12,3,3
892,0,12,3,3
893,0,12,3,3
894,0,12,3,3
895,0,12,3,3
896,0,12,3,3
897,0,12,3,3
898,0,12,3,3
899,0,12,3,3
900,0,12,3,3
901,0,12,3,3
902,0,12,3,3
903,0,12,3,3
904,0,12,3,3
905,0,12,3,3
906,0,12,3,3
907,0,12,3,3
908,0,12,3,3
909,0,12,3,3
910,0,12,3,3
911,0,12,3,3
912,0,12,3,3
913,0,12,2,3
914,0,12,2,3
915,0,12,2,3
916,0,12,2,3
917,0,12,2,3
918,0,12,2,3
919,0,12,2,3
920,0,12,2,3
921,0,12,2,3
922,0,12,2,3
923,0,12,2,3
924,0,12,2,3
925,0,12,2,3
926,0,12,2,3
927,0,12,2,3
928,0,12,2,3
929,0,12,2,3
930,0,12,2,3
931,0,12,2,3
932,0,12,2,3
933,0,12,2,3
934,0,12,2,3
935,0,12,2,3
936,0,12,2,3
937,0,12,2,3
938,0,12,2,3
939,0,12,2,3
940,0,12,2,3
941,0,12,2,3
942,0,12,2,3
943,0,12,2,3
944,0,12,2,3
945,0,12,2,3
946,0,12,2,3
947,0,12,2,3
948,0,12,2,3
949,0,12,2,3
950,0,12,2,3
951,0,12,2,3
952,0,12,2,3
953,0,12,2,3
954,0,12,2,3
955,0,12,2,3
956,0,12,2,3
957,0,12,2,3
958,0,12,2,3
959,0,12,2,3
960,0,12,2,3
961,0,12,2,3
962,0,12,2,3
963,0,12,2,3
964,0,12,2,3
965,0,12,2,3
966,0,12,2,3
967,0,12,2,3
968,0,12,2,3
969,0,12,2,3
970,0,12,2,3
971,0,12,2,3
972,0,12,2,3
973,0,12,2,3
974,0,12,2,3
975,0,12,2,3
976,0,12,2,3
977,0,12,2,3
978,0,12,2,3
979,0,12,2,3
980,0,12,2,3
981,0,12,2,3
982,0,12,2,3
983,0,12,2,3
984,0,12,2,3
985,0,12,2,3
986,0,12,2,3
987,0,12,2,3
988,0,12,2,3
989,0,12,2,3
990,0,12,2,3
991,0,12,2,3
992,0,12,2,3
993,0,12,2,3
994,0,12,2,3
995,0,12,2,3
996,0,12,2,3
997,0,12,2,3
998,0,12,2,3
999,0,12,2,3
1000,0,12,2,3
1001,0,12,2,3
1002,0,12,2,3
1003,0,12,2,3
1004,0,12,2,3
1005,0,12,2,3
1006,0,12,2,3
1007,0,12,2,3
1008,0,12,2,3
1009,0,12,2,3
1010,0,12,2,3
1011,0,12,2,3
1012,0,12,2,3
1013,0,12,2,3
1014,0,12,2,3
1015,0,12,2,3
1016,0,12,2,3
1017,0,12,2,3
1018,0,12,2,3
1019,0,12,2,3
1020,0,12,2,3
1021,0,12,2,3
1022,0,12,2,3
1023,0,12,2,3
1024,0,12,2,3
1025,0,12,2,3
1026,0,12,2,3
1027,0,12,2,3
1028,0,12,2,3
1029,0,12,2,3
1030,0,12,2,3
1031,0,12,2,3
1032,0,12,2,3
1033,0,12,2,3
1034,0,12,2,3
1035,0,12,2,3
1036,0,12,2,3
1037,0,12,2,3
1038,0,12,2,3
1039,0,12,2,3
1040,0,12,2,3
1041,0,12,2,3
1042,0,12,2,3
1043,0,12,2,3
1044,0,12,2,3
1045,0,12,2,3
1046,0,11,3,4
1047,0,11,3,4
1048,0,11,3,4
1049,0,11,3,4
1050,0,11,3,4
1051,0,11,3,4
1052,0,11,3,4
1053,0,11,3,4
1054,0,11,3,4
1055,0,11,3,4
1056,0,11,3,4
1057,0,11,3,4
1058,0,11,3,4
1059,0,11,3,4
1060,0,11,3,4
1061,0,11,3,4
1062,0,11,3,4
1063,0,11,3,4
1064,0,11,3,4
1065,0,11,3,4
1066,0,11,3,4
1067,0,11,3,4
1068,0,11,3,4
1069,0,11,3,4
1070,0,11,3,4
1071,0,11,3,4
1072,0,11,3,4
1073,0,11,3,4
1074,0,11,3,4
1075,0,11,3,4
1076,0,11,3,4
1077,0,11,3,4
1078,0,11,3,4
1079,0,11,3,4
1080,0,11,3,4
1081,0,11,3,4
1082,0,11,3,4
1083,0,11,3,4
1084,0,11,3,4
1085,0,11,3,4
1086,0,11,3,4
1087,0,11,3,4
1088,0,11,3,4
1089,0,11,3,4
1090,0,11,3,4
1091,0,11,3,4
1092,0,11,3,4
1093,0,11,3,4
1094,0,11,3,4
1095,0,11,3,4
1096,0,11,3,4
1097,0,11,3,4
1098,0,11,3,4
1099,0,11,3,4
1100,0,11,3,4
1101,0,11,3,4
1102,0,11,3,4
1103,0,11,3,4
1104,0,11,3,4
1105,0,11,3,4
1106,0,11,3,4
1107,0,11,3,4
1108,0,11,3,4
1109,0,11,3,4
1110,0,11,3,4
1111,0,11,3,4
1112,0,11,3,4
1113,0,11,3,4
1114,0,11,3,4
1115,0,11,3,4
1116,0,11,3,4
1117,0,11,3,4
1118,0,11,3,4
1119,0,11,3,4
1120,0,11,3,4
1121,0,11,3,4
1122,0,11,3,4
1123,0,11,3,4
1124,0,11,3,4
1125,0,11,3,4
1126,0,11,3,4
1127,0,11,3,4
1128,0,11,3,4
1129,0,11,3,4
1130,0,11,3,4
1131,0,11,3,4
1132,0,11,3,4
1133,0,11,3,4
1134,0,11,3,4
1135,0,11,3,4
1136,0,11,3,4
1137,0,11,3,4
1138,0,11,3,4
1139,0,11,3,4
1140,0,11,3,4
1141,0,11,3,4
1142,0,11,3,4
1143,0,11,3,4
1144,0,11,3,4
1145,0,11,3,4
1146,0,11,3,4
1147,0,11,3,4
1148,0,11,3,4
1149,0,11,3,4
1150,0,11,3,4
1151,0,11,3,4
1152,0,11,3,4
1153,0,11,3,4
1154,0,11,3,4
1155,0,11,3,4
1156,0,11,3,4
1157,0,11,3,4
1158,0,11,3,4
1159,0,11,3,4
1160,0,11,3,4
1161,0,11,3,4
1162,0,11,3,4
1163,0,11,3,4
1164,0,11,3,4
1165,0,11,3,4
1166,0,11,3,4
1167,0,11,3,4
1168,0,11,3,4
1169,0,11,3,4
1170,0,11,3,4
1171,0,11,3,4
1172,0,11,3,4
1173,0,11,3,4
1174,0,11,3,4
1175,0,11,3,4
1176,0,11,3,4
1177,0,11,3,4
1178,0,11,3,4
1179,0,11,2,4
1180,0,11,2,4
1181,0,11,2,4
1182,0,11,2,4
1183,0,11,2,4
1184,0,11,2,4
1185,0,11,2,4
1186,0,11,2,4
1187,0,11,2,4
1188,0,11,2,4
1189,0,11,2,4
1190,0,11,2,4
1191,0,11,2,4
1192,0,11,2,4
1193,0,11,2,4
1194,0,11,2,4
1195,0,11,2,4
1196,0,11,2,4
1197,0,11,2,4
1198,0,11,2,4
1199,0,11,2,4
1200,0,11,2,4
1201,0,11,2,4
1202,0,11,2,4
1203,0,11,2,4
1204,0,11,2,4
1205,0,11,2,4
1206,0,11,2,4
1207,0,11,2,4
1208,0,11,2,4
1209,0,11,2,4
1210,0,11,2,4
1211,0,11,2,4
1212,0,11,2,4
1213,0,11,2,4
1214,0,11,2,4
1215,0,11,2,4
1216,0,11,2,4
1217,0,11,2,4
1218,0,11,2,4
1219,0,11,2,4
1220,0,11,2,4
1221,0,11,2,4
1222,0,11,2,4
1223,0,11,2,4
1224,0,11,2,4
1225,0,11,2,4
1226,0,11,2,4
1227,0,11,2,4
1228,0,11,2,4
1229,0,11,2,4
1230,0,11,2,4
1231,0,11,2,4
1232,0,11,2,4
1233,0,11,2,4
1234,0,11,2,4
1235,0,11,2,4
1236,0,11,2,4
1237,0,11,2,4
1238,0,11,2,4
1239,0,11,2,4
1240,0,11,2,4
1241,0,11,2,4
1242,0,11,2,4
1243,0,11,2,4
1244,0,11,2,4
1245,0,11,2,4
1246,0,11,2,4
1247,0,11,2,4
1248,0,11,2,4
1249,0,11,2,4
1250,0,11,2,4
1251,0,11,2,4
1252,0,11,2,4
1253,0,11,2,4
1254,0,11,2,4
1255,0,11,2,4
1256,0,11,2,4
1257,0,11,2,4
1258,0,11,2,4
1259,0,11,2,4
1260,0,11,2,4
1261,0,11,2,4
1262,0,11,2,4
1263,0,11,2,4
1264,0,11,2,4
1265,0,11,2,4
1266,0,11,2,4
1267,0,11,2,4
1268,0,11,2,4
1269,0,11,2,4
1270,0,11,2,4
1271,0,11,2,4
1272,0,11,2,4
1273,0,11,2,4
1274,0,11,2,4
1275,0,11,2,4
1276,0,11,2,4
1277,0,11,2,4
1278,0,11,2,4
1279,0,11,2,4
1280,0,11,2,4
1281,0,11,2,4
1282,0,11,2,4
1283,0,11,2,4
1284,0,11,2,4
1285,0,11,2,4
1286,0,11,2,4
1287,0,11,2,4
1288,0,11,2,4
1289,0,11,2,4
1290,0,11,2,4
1291,0,11,2,4
1292,0,11,2,4
1293,0,11,2,4
1294,0,11,2,4
1295,0,11,2,4
1296,0,11,2,4
1297,0,11,2,4
1298,0,11,2,4
1299,0,11,2,4
1300,0,11,2,4
1301,0,11,2,4
1302,0,11,2,4
1303,0,11,2,4
1304,0,11,2,4
1305,0,11,2,4
1306,0,11,2,4
1307,0,11,2,4
1308,0,11,2,4
1309,0,11,2,4
1310,0,11,2,4
1311,0,11,2,4
1312,0,11,2,4
1313,0,11,2,4
1314,0,10,3,5
1315,0,10,3,5
1316,0,10,3,5
1317,0,10,3,5
1318,0,10,3,5
1319,0,10,3,5
1320,0,10,3,5
1321,0,10,3,5
1322,0,10,3,5
1323,0,10,3,5
1324,0,10,3,5
1325,0,10,3,5
1326,0,10,3,5
1327,0,10,3,5
1328,0,10,3,5
1329,0,10,3,5
1330,0,10,3,5
1331,0,10,3,5
1332,0,10,3,5
1333,0,10,3,5
1334,0,10,3,5
1335,0,10,3,5
1336,0,10,3,5
1337,0,10,3,5
1338,0,10,3,5
1339,0,10,3,5
1340,0,10,3,5
1341,0,10,3,5
1342,0,10,3,5
1343,0,10,3,5
1344,0,10,3,5
1345,0,10,3,5
1346,0,10,3,5
1347,0,10,3,5
1348,0,10,3,5
1349,0,10,3,5
1350,0,10,3,5
1351,0,10,3,5
1352,0,10,3,5
1353,0,10,3,5
1354,0,10,3,5
1355,0,10,3,5
1356,0,10,3,5
1357,0,10,3,5
1358,0,10,3,5
1359,0,10,3,5
1360,0,10,3,5
1361,0,10,3,5
1362,0,10,3,5
1363,0,10,3,5
1364,0,10,3,5
1365,0,10,3,5
1366,0,10,3,5
1367,0,10,3,5
1368,0,10,3,5
1369,0,10,3,5
1370,0,10,3,5
1371,0,10,3,5
1372,0,10,3,5
1373,0,10,3,5
1374,0,10,3,5
1375,0,10,3,5
1376,0,10,3,5
1377,0,10,3,5
1378,0,10,3,5
1379,0,10,3,5
1380,0,10,3,5
1381,0,10,3,5
1382,0,10,3,5
1383,0,10,3,5
1384,0,10,3,5
1385,0,10,3,5
1386,0,10,3,5
1387,0,10,3,5
1388,0,10,3,5
1389,0,10,3,5
1390,0,10,3,5
1391,0,10,3,5
1392,0,10,3,5
1393,0,10,3,5
1394,0,10,3,5
1395,0,10,3,5
1396,0,10,3,5
1397,0,10,3,5
1398,0,10,3,5
1399,0,10,3,5
1400,0,10,3,5
1401,0,10,3,5
1402,0,10,3,5
1403,0,10,3,5
1404,0,10,3,5
1405,0,10,3,5
1406,0,10,3,5
1407,0,10,3,5
1408,0,10,3,5
1409,0,10,3,5
1410,0,10,3,5
1411,0,10,3,5
1412,0,10,3,5
1413,0,10,3,5
1414,0,10,3,5
1415,0,10,3,5
1416,0,10,3,5
1417,0,10,3,5
1418,0,10,3,5
1419,0,10,3,5
1420,0,10,3,5
1421,0,10,3,5
1422,0,10,3,5
1423,0,10,3,5
1424,0,10,3,5
1425,0,10,3,5
1426,0,10,3,5
1427,0,10,3,5
1428,0,10,3,5
1429,0,10,3,5
1430,0,10,3,5
1431,0,10,3,5
1432,0,10,3,5
1433,0,10,3,5
1434,0,10,3,5
1435,0,10,3,5
1436,0,10,3,5
1437,0,10,3,5
1438,0,10,3,5
1439,0,10,3,5
1440,0,10,3,5
1441,0,10,3,5
1442,0,10,3,5
1443,0,10,3,5
1444,0,10,3,5
1445,0,10,3,5
1446,0,10,3,5
1447,0,10,3,5
1448,0,10,3,5
1449,0,10,3,5
1450,0,10,3,5
1451,0,10,2,5
1452,0,10,2,5
1453,0,10,2,5
1454,0,10,2,5
1455,0,10,2,5
1456,0,10,2,5
1457,0,10,2,5
1458,0,10,2,5
1459,0,10,2,5
1460,0,10,2,5
1461,0,10,2,5
1462,0,10,2,5
1463,0,10,2,5
1464,0,10,2,5
1465,0,10,2,5
1466,0,10,2,5
1467,0,10,2,5
1468,0,10,2,5
1469,0,10,2,5
1470,0,10,2,5
1471,0,10,2,5
1472,0,10,2,5
1473,0,10,2,5
1474,0,10,2,5
1475,0,10,2,5
1476,0,10,2,5
1477,0,10,2,5
1478,0,10,2,5
1479,0,10,2,5
1480,0,10,2,5
1481,0,10,2,5
1482,0,10,2,5
1483,0,10,2,5
1484,0,10,2,5
1485,0,10,2,5
1486,0,10,2,5
1487,0,10,2,5
1488,0,10,2,5
1489,0,10,2,5
1490,0,10,2,5
1491,0,10,2,5
1492,0,10,2,5
1493,0,10,2,5
1494,0,10,2,5
1495,0,10,2,5
1496,0,10,2,5
1497,0,10,2,5
1498,0,10,2,5
1499,0,10,2,5
1500,0,10,2,5
1501,0,10,2,5
1502,0,10,2,5
1503,0,10,2,5
1504,0,10,2,5
1505,0,10,2,5
1506,0,10,2,5
1507,0,10,2,5
1508,0,10,2,5
1509,0,10,2,5
1510,0,10,2,5
1511,0,10,2,5
1512,0,10,2,5
1513,0,10,2,5
1514,0,10,2,5
1515,0,10,2,5
1516,0,10,2,5
1517,0,10,2,5
1518,0,10,2,5
1519,0,10,2,5
1520,0,10,2,5
1521,0,10,2,5
1522,0,10,2,5
1523,0,10,2,5
1524,0,10,2,5
1525,0,10,2,5
1526,0,10,2,5
1527,0,10,2,5
1528,0,10,2,5
1529,0,10,2,5
1530,0,10,2,5
1531,0,10,2,5
1532,0,10,2,5
1533,0,10,2,5
1534,0,10,2,5
1535,0,10,2,5
1536,0,10,2,5
1537,0,10,2,5
1538,0,10,2,5
1539,0,10,2,5
1540,0,10,2,5
1541,0,10,2,5
1542,0,10,2,5
1543,0,10,2,5
1544,0,10,2,5
1545,0,10,2,5
1546,0,10,2,5
1547,0,10,2,5
1548,0,10,2,5
1549,0,10,2,5
1550,0,10,2,5
1551,0,10,2,5
1552,0,10,2,5
1553,0,10,2,5
1554,0,10,2,5
1555,0,10,2,5
1556,0,10,2,5
1557,0,10,2,5
1558,0,10,2,5
1559,0,10,2,5
1560,0,10,2,5
1561,0,10,2,5
1562,0,10,2,5
1563,0,10,2,5
1564,0,10,2,5
1565,0,10,2,5
1566,0,10,2,5
1567,0,10,2,5
1568,0,10,2,5
1569,0,10,2,5
1570,0,10,2,5
1571,0,10,2,5
1572,0,10,2,5
1573,0,10,2,5
1574,0,10,2,5
1575,0,10,2,5
1576,0,10,2,5
1577,0,10,2,5
1578,0,10,2,5
1579,0,10,2,5
1580,0,10,2,5
1581,0,10,2,5
1582,0,10,2,5
1583,0,10,2,5
1584,0,10,2,5
1585,0,10,2,5
1586,0,10,2,5
1587,0,10,2,5
1588,0,10,2,5
1589,0,10,2,5
1590,0,10,2,5
1591,0,10,2,5
1592,0,10,2,5
1593,0,10,1,5
1594,0,10,1,5
1595,0,10,1,5
1596,0,10,1,5
1597,0,10,1,5
1598,0,10,1,5
1599,0,10,1,5
1600,0,10,1,5
1601,0,10,1,5
1602,0,10,1,5
1603,0,10,1,5
1604,0,10,1,5
1605,0,10,1,5
1606,0,10,1,5
1607,0,10,1,5
1608,0,10,1,5
1609,0,10,1,5
1610,0,10,1,5
1611,0,10,1,5
1612,0,10,1,5
1613,0,10,1,5
1614,0,10,1,5
1615,0,10,1,5
1616,0,10,1,5
1617,0,10,1,5
1618,0,10,1,5
1619,0,10,1,5
1620,0,10,1,5
1621,0,10,1,5
1622,0,10,1,5
1623,0,10,1,5
1624,0,10,1,5
1625,0,10,1,5
1626,0,10,1,5
1627,0,10,1,5
1628,0,10,1,5
1629,0,10,1,5
1630,0,10,1,5
1631,0,10,1,5
1632,0,10,1,5
1633,0,10,1,5
1634,0,10,1,5
1635,0,10,1,5
1636,0,10,1,5
1637,0,10,1,5
1638,0,10,1,5
1639,0,10,1,5
1640,0,10,1,5
1641,0,10,1,5
1642,0,10,1,5
1643,0,10,1,5
1644,0,10,1,5
1645,0,10,1,5
1646,0,10,1,5
1647,0,10,1,5
1648,0,10,1,5
1649,0,10,1,5
1650,0,10,1,5
1651,0,10,1,5
1652,0,10,1,5
1653,0,10,1,5
1654,0,10,1,5
1655,0,10,1,5
1656,0,10,1,5
1657,0,10,1,5
1658,0,10,1,5
1659,0,10,1,5
1660,0,10,1,5
1661,0,10,1,5
1662,0,10,1,5
1663,0,10,1,5
1664,0,10,1,5
1665,0,10,1,5
1666,0,10,1,5
1667,0,10,1,5
1668,0,10,1,5
1669,0,10,1,5
1670,0,10,1,5
1671,0,10,1,5
1672,0,10,1,5
1673,0,10,1,5
1674,0,10,1,5
1675,0,10,1,5
1676,0,10,1,5
1677,0,10,1,5
1678,0,10,1,5
1679,0,10,1,5
1680,0,10,1,5
1681,0,10,1,5
1682,0,10,1,5
1683,0,10,1,5
1684,0,10,1,5
1685,0,10,1,5
1686,0,10,1,5
1687,0,10,1,5
1688,0,10,1,5
1689,0,10,1,5
1690,0,10,1,5
1691,0,10,1,5
1692,0,10,1,5
1693,0,10,1,5
1694,0,10,1,5
1695,0,10,1,5
1696,0,10,1,5
1697,0,10,1,5
1698,0,10,1,5
1699,0,10,1,5
1700,0,10,1,5
1701,0,10,1,5
1702,0,10,1,5
1703,0,10,1,5
1704,0,10,1,5
1705,0,10,1,5
1706,0,10,1,5
1707,0,10,1,5
1708,0,10,1,5
1709,0,10,1,5
1710,0,10,1,5
1711,0,10,1,5
1712,0,10,1,5
1713,0,10,1,5
1714,0,10,1,5
1715,0,10,1,5
1716,0,10,1,5
1717,0,10,1,5
1718,0,10,1,5
1719,0,10,1,5
1720,0,10,1,5
1721,0,10,1,5
1722,0,10,1,5
1723,0,10,1,5
1724,0,10,1,5
1725,0,10,1,5
1726,0,10,1,5
1727,0,10,1,5
1728,0,10,1,5
1729,0,10,1,5
1730,0,10,1,5
1731,0,10,1,5
1732,0,10,1,5
1733,0,10,1,5
1734,0,10,1,5
1735,0,10,1,5
1736,0,10,1,5
1737,0,10,1,5
1738,0,10,1,5
1739,0,9,2,6
1740,0,9,2,6
1741,0,9,2,6
1742,0,9,2,6
1743,0,9,2,6
1744,0,9,2,6
1745,0,9,2,6
1746,0,9,2,6
1747,0,9,2,6
1748,0,9,2,6
1749,0,9,2,6
1750,0,9,2,6
1751,0,9,2,6
1752,0,9,2,6
1753,0,9,2,6
1754,0,9,2,6
1755,0,9,2,6
1756,0,9,2,6
1757,0,9,2,6
1758,0,9,2,6
1759,0,9,2,6
1760,0,9,2,6
1761,0,9,2,6
1762,0,9,2,6
1763,0,9,2,6
1764,0,9,2,6
1765,0,9,2,6
1766,0,9,2,6
1767,0,9,2,6
1768,0,9,2,6
1769,0,9,2,6
1770,0,9,2,6
1771,0,9,2,6
1772,0,9,2,6
1773,0,9,2,6
1774,0,9,2,6
1775,0,9,2,6
1776,0,9,2,6
1777,0,9,2,6
1778,0,9,2,6
1779,0,9,2,6
1780,0,9,2,6
1781,0,9,2,6
1782,0,9,2,6
1783,0,9,2,6
1784,0,9,2,6
1785,0,9,2,6
1786,0,9,2,6
1787,0,9,2,6
1788,0,9,2,6
1789,0,9,2,6
1790,0,9,2,6
1791,0,9,2,6
1792,0,9,2,6
1793,0,9,2,6
1794,0,9,2,6
1795,0,9,2,6
1796,0,9,2,6
1797,0,9,2,6
1798,0,9,2,6
1799,0,9,2,6
1800,0,9,2,6
1801,0,9,2,6
1802,0,9,2,6
1803,0,9,2,6
1804,0,9,2,6
1805,0,9,2,6
1806,0,9,2,6
1807,0,9,2,6
1808,0,9,2,6
1809,0,9,2,6
1810,0,9,2,6
1811,0,9,2,6
1812,0,9,2,6
1813,0,9,2,6
1814,0,9,2,6
1815,0,9,2,6
1816,0,9,2,6
1817,0,9,2,6
1818,0,9,2,6
1819,0,9,2,6
1820,0,9,2,6
1821,0,9,2,6
1822,0,9,2,6
1823,0,9,2,6
1824,0,9,2,6
1825,0,9,2,6
1826,0,9,2,6
1827,0,9,2,6
1828,0,9,2,6
1829,0,9,2,6
1830,0,9,2,6
1831,0,9,2,6
1832,0,9,2,6
1833,0,9,2,6
1834,0,9,2,6
1835,0,9,2,6
1836,0,9,2,6
1837,0,9,2,6
1838,0,9,2,6
1839,0,9,2,6
1840,0,9,2,6
1841,0,9,2,6
1842,0,9,2,6
1843,0,9,2,6
1844,0,9,2,6
1845,0,9,2,6
1846,0,9,2,6
1847,0,9,2,6
1848,0,9,2,6
1849,0,9,2,6
1850,0,9,2,6
1851,0,9,2,6
1852,0,9,2,6
1853,0,9,2,6
1854,0,9,2,6
1855,0,9,2,6
1856,0,9,2,6
1857,0,9,2,6
1858,0,9,2,6
1859,0,9,2,6
1860,0,9,2,6
1861,0,9,2,6
1862,0,9,2,6
1863,0,9,2,6
1864,0,9,2,6
1865,0,9,2,6
1866,0,9,2,6
1867,0,9,2,6
1868,0,9,2,6
1869,0,9,2,6
1870,0,9,2,6
1871,0,9,2,6
1872,0,9,2,6
1873,0,9,2,6
1874,0,9,2,6
1875,0,9,2,6
1876,0,9,2,6
1877,0,9,2,6
1878,0,9,2,6
1879,0,9,2,6
1880,0,9,2,6
1881,0,9,2,6
1882,0,9,2,6
1883,0,9,2,6
1884,0,9,2,6
1885,0,9,2,6
1886,0,9,2,6
1887,0,9,2,6
1888,0,8,3,7
1889,0,8,3,7
1890,0,8,3,7
1891,0,8,3,7
1892,0,8,3,7
1893,0,8,3,7
1894,0,8,3,7
1895,0,8,3,7
1896,0,8,3,7
1897,0,8,3,7
1898,0,8,3,7
1899,0,8,3,7
1900,0,8,3,7
1901,0,8,3,7
1902,0,8,3,7
1903,0,8,3,7
1904,0,8,3,7
1905,0,8,3,7
1906,0,8,3,7
1907,0,8,3,7
1908,0,8,3,7
1909,0,8,3,7
1910,0,8,3,7
1911,0,8,3,7
1912,0,8,3,7
1913,0,8,3,7
1914,0,8,3,7
1915,0,8,3,7
1916,0,8,3,7
1917,0,8,3,7
1918,0,8,3,7
1919,0,8,3,7
1920,0,8,3,7
1921,0,8,3,7
1922,0,8,3,7
1923,0,8,3,7
1924,0,8,3,7
1925,0,8,3,7
1926,0,8,3,7
1927,0,8,3,7
1928,0,8,3,7
1929,0,8,3,7
1930,0,8,3,7
1931,0,8,3,7
1932,0,8,3,7
1933,0,8,3,7
1934,0,8,3,7
1935,0,8,3,7
1936,0,8,3,7
1937,0,8,3,7
1938,0,8,3,7
1939,0,8,3,7
1940,0,8,3,7
1941,0,8,3,7
1942,0,8,3,7
1943,0,8,3,7
1944,0,8,3,7
1945,0,8,3,7
1946,0,8,3,7
1947,0,8,3,7
1948,0,8,3,7
1949,0,8,3,7
1950,0,8,3,7
1951,0,8,3,7
1952,0,8,3,7
1953,0,8,3,7
1954,0,8,3,7
1955,0,8,3,7
1956,0,8,3,7
1957,0,8,3,7
1958,0,8,3,7
1959,0,8,3,7
1960,0,8,3,7
1961,0,8,3,7
1962,0,8,3,7
1963,0,8,3,7
1964,0,8,3,7
1965,0,8,3,7
1966,0,8,3,7
1967,0,8,3,7
1968,0,8,3,7
1969,0,8,3,7
1970,0,8,3,7
1971,0,8,3,7
1972,0,8,3,7
1973,0,8,3,7
1974,0,8,3,7
1975,0,8,3,7
1976,0,8,3,7
1977,0,8,3,7
1978,0,8,3,7
1979,0,8,3,7
1980,0,8,3,7
1981,0,8,3,7
1982,0,8,3,7
1983,0,8,3,7
1984,0,8,3,7
1985,0,8,3,7
1986,0,8,3,7
1987,0,8,3,7
1988,0,8,3,7
1989,0,8,3,7
1990,0,8,3,7
1991,0,8,3,7
1992,0,8,3,7
1993,0,8,3,7
1994,0,8,3,7
1995,0,8,3,7
1996,0,8,3,7
1997,0,8,3,7
1998,0,8,3,7
1999,0,8,3,7
2000,0,8,3,7
2001,0,8,3,7
2002,0,8,3,7
2003,0,8,3,7
2004,0,8,3,7
2005,0,8,3,7
2006,0,8,3,7
2007,0,8,3,7
2008,0,8,3,7
2009,0,8,3,7
2010,0,8,3,7
2011,0,8,3,7
2012,0,8,3,7
2013,0,8,3,7
2014,0,8,3,7
2015,0,8,3,7
2016,0,8,3,7
2017,0,8,3,7
2018,0,8,3,7
2019,0,8,3,7
2020,0,8,3,7
2021,0,8,3,7
2022,0,8,3,7
2023,0,8,3,7
2024,0,8,3,7
2025,0,8,3,7
2026,0,8,3,7
2027,0,8,3,7
2028,0,8,3,7
2029,0,8,3,7
2030,0,8,3,7
2031,0,8,3,7
2032,0,8,3,7
2033,0,8,3,7
2034,0,8,3,7
2035,0,8,3,7
2036,0,8,3,7
2037,0,8,3,7
2038,0,8,3,7
2039,0,8,3,7
2040,0,8,3,7
2041,0,8,3,7
2042,0,8,3,7
2043,0,7,4,8
2044,0,7,4,8
2045,0,7,4,8
2046,0,7,4,8
2047,0,7,4,8
2048,0,7,4,8
2049,0,7,4,8
2050,0,7,4,8
2051,0,7,4,8
2052,0,7,4,8
2053,0,7,4,8
2054,0,7,4,8
2055,0,7,4,8
2056,0,7,4,8
2057,0,7,4,8
2058,0,7,4,8
2059,0,7,4,8
2060,0,7,4,8
2061,0,7,4,8
2062,0,7,4,8
2063,0,7,4,8
2064,0,7,4,8
2065,0,7,4,8
2066,0,7,4,8
2067,0,7,4,8
2068,0,7,4,8
2069,0,7,4,8
2070,0,7,4,8
2071,0,7,4,8
2072,0,7,4,8
2073,0,7,4,8
2074,0,7,4,8
2075,0,7,4,8
2076,0,7,4,8
2077,0,7,4,8
2078,0,7,4,8
2079,0,7,4,8
2080,0,7,4,8
2081,0,7,4,8
2082,0,7,4,8
2083,0,7,4,8
2084,0,7,4,8
2085,0,7,4,8
2086,0,7,4,8
2087,0,7,4,8
2088,0,7,4,8
2089,0,7,4,8
2090,0,7,4,8
2091,0,7,4,8
2092,0,7,4,8
2093,0,7,4,8
2094,0,7,4,8
2095,0,7,4,8
2096,0,7,4,8
2097,0,7,4,8
2098,0,7,4,8
2099,0,7,4,8
2100,0,7,4,8
2101,0,7,4,8
2102,0,7,4,8
2103,0,7,4,8
2104,0,7,4,8
2105,0,7,4,8
2106,0,7,4,8
2107,0,7,4,8
2108,0,7,4,8
2109,0,7,4,8
2110,0,7,4,8
2111,0,7,4,8
2112,0,7,4,8
2113,0,7,4,8
2114,0,7,4,8
2115,0,7,4,8
2116,0,7,4,8
2117,0,7,4,8
2118,0,7,4,8
2119,0,7,4,8
2120,0,7,4,8
2121,0,7,4,8
2122,0,7,4,8
2123,0,7,4,8
2124,0,7,4,8
2125,0,7,4,8
2126,0,7,4,8
2127,0,7,4,8
2128,0,7,4,8
2129,0,7,4,8
2130,0,7,4,8
2131,0,7,4,8
2132,0,7,4,8
2133,0,7,4,8
2134,0,7,4,8
2135,0,7,4,8
2136,0,7,4,8
2137,0,7,4,8
2138,0,7,4,8
2139,0,7,4,8
2140,0,7,4,8
2141,0,7,4,8
2142,0,7,4,8
2143,0,7,4,8
2144,0,7,4,8
2145,0,7,4,8
2146,0,7,4,8
2147,0,7,4,8
2148,0,7,4,8
2149,0,7,4,8
2150,0,7,4,8
2151,0,7,4,8
2152,0,7,4,8
2153,0,7,4,8
2154,0,7,4,8
2155,0,7,4,8
2156,0,7,4,8
2157,0,7,4,8
2158,0,7,4,8
2159,0,7,4,8
2160,0,7,4,8
2161,0,7,4,8
2162,0,7,4,8
2163,0,7,4,8
2164,0,7,4,8
2165,0,7,4,8
2166,0,7,4,8
2167,0,7,4,8
2168,0,7,4,8
2169,0,7,4,8
2170,0,7,4,8
2171,0,7,4,8
2172,0,7,4,8
2173,0,7,4,8
2174,0,7,4,8
2175,0,7,4,8
2176,0,7,4,8
2177,0,7,4,8
2178,0,7,4,8
2179,0,7,4,8
2180,0,7,4,8
2181,0,7,4,8
2182,0,7,4,8
2183,0,7,4,8
2184,0,7,4,8
2185,0,7,4,8
2186,0,7,4,8
2187,0,7,4,8
2188,0,7,4,8
2189,0,7,4,8
2190,0,7,4,8
2191,0,7,4,8
2192,0,7,4,8
2193,0,7,4,8
2194,0,7,4,8
2195,0,7,4,8
2196,0,7,4,8
2197,0,7,4,8
2198,0,7,4,8
2199,0,6,5,9
2200,0,6,5,9
2201,0,6,5,9
2202,0,6,5,9
2203,0,6,5,9
2204,0,6,5,9
2205,0,6,5,9
2206,0,6,5,9
2207,0,6,5,9
2208,0,6,5,9
2209,0,6,5,9
2210,0,6,5,9
2211,0,6,5,9
2212,0,6,5,9
2213,0,6,5,9
2214,0,6,5,9
2215,0,6,5,9
2216,0,6,5,9
2217,0,6,5,9
2218,0,6,5,9
2219,0,6,5,9
2220,0,6,5,9
2221,0,6,5,9
2222,0,6,5,9
2223,0,6,5,9
2224,0,6,5,9
2225,0,6,5,9
2226,0,6,5,9
2227,0,6,5,9
2228,0,6,5,9
2229,0,6,5,9
2230,0,6,5,9
2231,0,6,5,9
2232,0,6,5,9
2233,0,6,5,9
2234,0,6,5,9
2235,0,6,5,9
2236,0,6,5,9
2237,0,6,5,9
2238,0,6,5,9
2239,0,6,5,9
2240,0,6,5,9
2241,0,6,5,9
2242,0,6,5,9
2243,0,6,5,9
2244,0,6,5,9
2245,0,6,5,9
2246,0,6,5,9
2247,0,6,5,9
2248,0,6,5,9
2249,0,6,5,9
2250,0,6,5,9
2251,0,6,5,9
2252,0,6,5,9
2253,0,6,5,9
2254,0,6,5,9
2255,0,6,5,9
2256,0,6,5,9
2257,0,6,5,9
2258,0,6,5,9
2259,0,6,5,9
2260,0,6,5,9
2261,0,6,5,9
2262,0,6,5,9
2263,0,6,5,9
2264,0,6,5,9
2265,0,6,5,9
2266,0,6,5,9
2267,0,6,5,9
2268,0,6,5,9
2269,0,6,5,9
2270,0,6,5,9
2271,0,6,5,9
2272,0,6,5,9
2273,0,6,5,9
2274,0,6,5,9
2275,0,6,5,9
2276,0,6,5,9
2277,0,6,5,9
2278,0,6,5,9
2279,0,6,5,9
2280,0,6,5,9
2281,0,6,5,9
2282,0,6,5,9
2283,0,6,5,9
2284,0,6,5,9
2285,0,6,5,9
2286,0,6,5,9
2287,0,6,5,9
2288,0,6,5,9
2289,0,6,5,9
2290,0,6,5,9
2291,0,6,5,9
2292,0,6,5,9
2293,0,6,5,9
2294,0,6,5,9
2295,0,6,5,9
2296,0,6,5,9
2297,0,6,5,9
2298,0,6,5,9
2299,0,6,5,9
2300,0,6,5,9
2301,0,6,5,9
2302,0,6,5,9
2303,0,6,5,9
2304,0,6,5,9
2305,0,6,5,9
2306,0,6,5,9
2307,0,6,5,9
2308,0,6,5,9
2309,0,6,5,9
2310,0,6,5,9
2311,0,6,5,9
2312,0,6,5,9
2313,0,6,5,9
2314,0,6,5,9
2315,0,6,5,9
2316,0,6,5,9
2317,0,6,5,9
2318,0,6,5,9
2319,0,6,5,9
2320,0,6,5,9
2321,0,6,5,9
2322,0,6,5,9
2323,0,6,5,9
2324,0,6,5,9
2325,0,6,5,9
2326,0,6,5,9
2327,0,6,5,9
2328,0,6,5,9
2329,0,6,5,9
2330,0,6,5,9
2331,0,6,5,9
2332,0,6,5,9
2333,0,6,5,9
2334,0,6,5,9
2335,0,6,5,9
2336,0,6,5,9
2337,0,6,5,9
2338,0,6,5,9
2339,0,6,5,9
2340,0,6,5,9
2341,0,6,5,9
2342,0,6,5,9
2343,0,6,5,9
2344,0,6,5,9
2345,0,6,5,9
2346,0,6,5,9
2347,0,6,5,9
2348,0,6,5,9
2349,0,6,5,9
2350,0,6,5,9
2351,0,6,5,9
2352,0,6,5,9
2353,0,6,5,9
2354,0,6,5,9
2355,0,6,5,9
2356,0,6,5,9
2357,0,6,4,9
2358,0,6,4,9
2359,0,6,4,9
2360,0,6,4,9
2361,0,6,4,9
2362,0,6,4,9
2363,0,6,4,9
2364,0,6,4,9
2365,0,6,4,9
2366,0,6,4,9
2367,0,6,4,9
2368,0,6,4,9
2369,0,6,4,9
2370,0,6,4,9
2371,0,6,4,9
2372,0,6,4,9
2373,0,6,4,9
2374,0,6,4,9
2375,0,6,4,9
2376,0,6,4,9
2377,0,6,4,9
2378,0,6,4,9
2379,0,6,4,9
2380,0,6,4,9
2381,0,6,4,9
2382,0,6,4,9
2383,0,6,4,9
2384,0,6,4,9
2385,0,6,4,9
2386,0,6,4,9
2387,0,6,4,9
2388,0,6,4,9
2389,0,6,4,9
2390,0,6,4,9
2391,0,6,4,9
2392,0,6,4,9
2393,0,6,4,9
2394,0,6,4,9
2395,0,6,4,9
2396,0,6,4,9
2397,0,6,4,9
2398,0,6,4,9
2399,0,6,4,9
2400,0,6,4,9
2401,0,6,4,9
2402,0,6,4,9
2403,0,6,4,9
2404,0,6,4,9
2405,0,6,4,9
2406,0,6,4,9
2407,0,6,4,9
2408,0,6,4,9
2409,0,6,4,9
2410,0,6,4,9
2411,0,6,4,9
2412,0,6,4,9
2413,0,6,4,9
2414,0,6,4,9
2415,0,6,4,9
2416,0,6,4,9
2417,0,6,4,9
2418,0,6,4,9
2419,0,6,4,9
2420,0,6,4,9
2421,0,6,4,9
2422,0,6,4,9
2423,0,6,4,9
2424,0,6,4,9
2425,0,6,4,9
2426,0,6,4,9
2427,0,6,4,9
2428,0,6,4,9
2429,0,6,4,9
2430,0,6,4,9
2431,0,6,4,9
2432,0,6,4,9
2433,0,6,4,9
2434,0,6,4,9
2435,0,6,4,9
2436,0,6,4,9
2437,0,6,4,9
2438,0,6,4,9
2439,0,6,4,9
2440,0,6,4,9
2441,0,6,4,9
2442,0,6,4,9
2443,0,6,4,9
2444,0,6,4,9
2445,0,6,4,9
2446,0,6,4,9
2447,0,6,4,9
2448,0,6,4,9
2449,0,6,4,9
2450,0,6,4,9
2451,0,6,4,9
2452,0,6,4,9
2453,0,6,4,9
2454,0,6,4,9
2455,0,6,4,9
2456,0,6,4,9
2457,0,6,4,9
2458,0,6,4,9
2459,0,6,4,9
2460,0,6,4,9
2461,0,6,4,9
2462,0,6,4,9
2463,0,6,4,9
2464,0,6,4,9
2465,0,6,4,9
2466,0,6,4,9
2467,0,6,4,9
2468,0,6,4,9
2469,0,6,4,9
2470,0,6,4,9
2471,0,6,4,9
2472,0,6,4,9
2473,0,6,4,9
2474,0,6,4,9
2475,0,6,4,9
2476,0,6,4,9
2477,0,6,4,9
2478,0,6,4,9
2479,0,6,4,9
2480,0,6,4,9
2481,0,6,4,9
2482,0,6,4,9
2483,0,6,4,9
2484,0,6,4,9
2485,0,6,4,9
2486,0,6,4,9
2487,0,6,4,9
2488,0,6,4,9
2489,0,6,4,9
2490,0,6,4,9
2491,0,6,4,9
2492,0,6,4,9
2493,0,6,4,9
2494,0,6,4,9
2495,0,6,4,9
2496,0,6,4,9
2497,0,6,4,9
2498,0,6,4,9
2499,0,6,4,9
2500,0,6,4,9
2501,0,6,4,9
2502,0,6,4,9
2503,0,6,4,9
2504,0,6,4,9
2505,0,6,4,9
2506,0,6,4,9
2507,0,6,4,9
2508,0,6,4,9
2509,0,6,4,9
2510,0,6,4,9
2511,0,6,4,9
2512,0,6,4,9
2513,0,6,4,9
2514,0,6,4,9
2515,0,6,4,9
2516,0,6,4,9
2517,0,6,4,9
2518,0,5,5,10
2519,0,5,5,10
2520,0,5,5,10
2521,0,5,5,10
2522,0,5,5,10
2523,0,5,5,10
2524,0,5,5,10
2525,0,5,5,10
2526,0,5,5,10
2527,0,5,5,10
2528,0,5,5,10
2529,0,5,5,10
2530,0,5,5,10
2531,0,5,5,10
2532,0,5,5,10
2533,0,5,5,10
2534,0,5,5,10
2535,0,5,5,10
2536,0,5,5,10
2537,0,5,5,10
2538,0,5,5,10
2539,0,5,5,10
2540,0,5,5,10
2541,0,5,5,10
2542,0,5,5,10
2543,0,5,5,10
2544,0,5,5,10
2545,0,5,5,10
2546,0,5,5,10
2547,0,5,5,10
2548,0,5,5,10
2549,0,5,5,10
2550,0,5,5,10
2551,0,5,5,10
2552,0,5,5,10
2553,0,5,5,10
2554,0,5,5,10
2555,0,5,5,10
2556,0,5,5,10
2557,0,5,5,10
2558,0,5,5,10
2559,0,5,5,10
2560,0,5,5,10
2561,0,5,5,10
2562,0,5,5,10
2563,0,5,5,10
2564,0,5,5,10
2565,0,5,5,10
2566,0,5,5,10
2567,0,5,5,10
2568,0,5,5,10
2569,0,5,5,10
2570,0,5,5,10
2571,0,5,5,10
2572,0,5,5,10
2573,0,5,5,10
2574,0,5,5,10
2575,0,5,5,10
2576,0,5,5,10
2577,0,5,5,10
2578,0,5,5,10
2579,0,5,5,10
2580,0,5,5,10
2581,0,5,5,10
2582,0,5,5,10
2583,0,5,5,10
2584,0,5,5,10
2585,0,5,5,10
2586,0,5,5,10
2587,0,5,5,10
2588,0,5,5,10
2589,0,5,5,10
2590,0,5,5,10
2591,0,5,5,10
2592,0,5,5,10
2593,0,5,5,10
2594,0,5,5,10
2595,0,5,5,10
2596,0,5,5,10
2597,0,5,5,10
2598,0,5,5,10
2599,0,5,5,10
2600,0,5,5,10
2601,0,5,5,10
2602,0,5,5,10
2603,0,5,5,10
2604,0,5,5,10
2605,0,5,5,10
2606,0,5,5,10
2607,0,5,5,10
2608,0,5,5,10
2609,0,5,5,10
2610,0,5,5,10
2611,0,5,5,10
2612,0,5,5,10
2613,0,5,5,10
2614,0,5,5,10
2615,0,5,5,10
2616,0,5,5,10
2617,0,5,5,10
2618,0,5,5,10
2619,0,5,5,10
2620,0,5,5,10
2621,0,5,5,10
2622,0,5,5,10
2623,0,5,5,10
2624,0,5,5,10
2625,0,5,5,10
2626,0,5,5,10
2627,0,5,5,10
2628,0,5,5,10
2629,0,5,5,10
2630,0,5,5,10
2631,0,5,5,10
2632,0,5,5,10
2633,0,5,5,10
2634,0,5,5,10
2635,0,5,5,10
2636,0,5,5,10
2637,0,5,5,10
2638,0,5,5,10
2639,0,5,5,10
2640,0,5,5,10
2641,0,5,5,10
2642,0,5,5,10
2643,0,5,5,10
2644,0,5,5,10
2645,0,5,5,10
2646,0,5,5,10
2647,0,5,5,10
2648,0,5,5,10
2649,0,5,5,10
2650,0,5,5,10
2651,0,5,5,10
2652,0,5,5,10
2653,0,5,5,10
2654,0,5,5,10
2655,0,5,5,10
2656,0,5,5,10
2657,0,5,5,10
2658,0,5,5,10
2659,0,5,5,10
2660,0,5,5,10
2661,0,5,5,10
2662,0,5,5,10
2663,0,5,5,10
2664,0,5,5,10
2665,0,5,5,10
2666,0,5,5,10
2667,0,5,5,10
2668,0,5,5,10
2669,0,5,5,10
2670,0,5,5,10
2671,0,5,5,10
2672,0,5,5,10
2673,0,5,5,10
2674,0,5,5,10
2675,0,5,5,10
2676,0,5,5,10
2677,0,5,5,10
2678,0,5,5,10
2679,0,5,4,10
2680,0,5,4,10
2681,0,5,4,10
2682,0,5,4,10
2683,0,5,4,10
2684,0,5,4,10
2685,0,5,4,10
2686,0,5,4,10
2687,0,5,4,10
2688,0,5,4,10
2689,0,5,4,10
2690,0,5,4,10
2691,0,5,4,10
2692,0,5,4,10
2693,0,5,4,10
2694,0,5,4,10
2695,0,5,4,10
2696,0,5,4,10
2697,0,5,4,10
2698,0,5,4,10
2699,0,5,4,10
2700,0,5,4,10
2701,0,5,4,10
2702,0,5,4,10
2703,0,5,4,10
2704,0,5,4,10
2705,0,5,4,10
2706,0,5,4,10
2707,0,5,4,10
2708,0,5,4,10
2709,0,5,4,10
2710,0,5,4,10
2711,0,5,4,10
2712,0,5,4,10
2713,0,5,4,10
2714,0,5,4,10
2715,0,5,4,10
2716,0,5,4,10
2717,0,5,4,10
2718,0,5,4,10
2719,0,5,4,10
2720,0,5,4,10
2721,0,5,4,10
2722,0,5,4,10
2723,0,5,4,10
2724,0,5,4,10
2725,0,5,4,10
2726,0,5,4,10
2727,0,5,4,10
2728,0,5,4,10
2729,0,5,4,10
2730,0,5,4,10
2731,0,5,4,10
2732,0,5,4,10
2733,0,5,4,10
2734,0,5,4,10
2735,0,5,4,10
2736,0,5,4,10
2737,0,5,4,10
2738,0,5,4,10
2739,0,5,4,10
2740,0,5,4,10
2741,0,5,4,10
2742,0,5,4,10
2743,0,5,4,10
2744,0,5,4,10
2745,0,5,4,10
2746,0,5,4,10
2747,0,5,4,10
2748,0,5,4,10
2749,0,5,4,10
2750,0,5,4,10
2751,0,5,4,10
2752,0,5,4,10
2753,0,5,4,10
2754,0,5,4,10
2755,0,5,4,10
2756,0,5,4,10
2757,0,5,4,10
2758,0,5,4,10
2759,0,5,4,10
2760,0,5,4,10
2761,0,5,4,10
2762,0,5,4,10
2763,0,5,4,10
2764,0,5,4,10
2765,0,5,4,10
2766,0,5,4,10
2767,0,5,4,10
2768,0,5,4,10
2769,0,5,4,10
2770,0,5,4,10
2771,0,5,4,10
2772,0,5,4,10
2773,0,5,4,10
2774,0,5,4,10
2775,0,5,4,10
2776,0,5,4,10
2777,0,5,4,10
2778,0,5,4,10
2779,0,5,4,10
2780,0,5,4,10
2781,0,5,4,10
2782,0,5,4,10
2783,0,5,4,10
2784,0,5,4,10
2785,0,5,4,10
2786,0,5,4,10
2787,0,5,4,10
2788,0,5,4,10
2789,0,5,4,10
2790,0,5,4,10
2791,0,5,4,10
2792,0,5,4,10
2793,0,5,4,10
2794,0,5,4,10
2795,0,5,4,10
2796,0,5,4,10
2797,0,5,4,10
2798,0,5,4,10
2799,0,5,4,10
2800,0,5,4,10
2801,0,5,4,10
2802,0,5,4,10
2803,0,5,4,10
2804,0,5,4,10
2805,0,5,4,10
2806,0,5,4,10
2807,0,5,4,10
2808,0,5,4,10
2809,0,5,4,10
2810,0,5,4,10
2811,0,5,4,10
2812,0,5,4,10
2813,0,5,4,10
2814,0,5,4,10
2815,0,5,4,10
2816,0,5,4,10
2817,0,5,4,10
2818,0,5,4,10
2819,0,5,4,10
2820,0,5,4,10
2821,0,5,4,10
2822,0,5,4,10
2823,0,5,4,10
2824,0,5,4,10
2825,0,5,4,10
2826,0,5,4,10
2827,0,5,4,10
2828,0,5,4,10
2829,0,5,4,10
2830,0,5,4,10
2831,0,5,4,10
2832,0,5,4,10
2833,0,5,4,10
2834,0,5,4,10
2835,0,5,4,10
2836,0,5,4,10
2837,0,5,4,10
2838,0,5,4,10
2839,0,5,4,10
2840,0,5,3,10
2841,0,5,3,10
2842,0,5,3,10
2843,0,5,3,10
2844,0,5,3,10
2845,0,5,3,10
2846,0,5,3,10
2847,0,5,3,10
2848,0,5,3,10
2849,0,5,3,10
2850,0,5,3,10
2851,0,5,3,10
2852,0,5,3,10
2853,0,5,3,10
2854,0,5,3,10
2855,0,5,3,10
2856,0,5,3,10
2857,0,5,3,10
2858,0,5,3,10
2859,0,5,3,10
2860,0,5,3,10
2861,0,5,3,10
2862,0,5,3,10
2863,0,5,3,10
2864,0,5,3,10
2865,0,5,3,10
2866,0,5,3,10
2867,0,5,3,10
2868,0,5,3,10
2869,0,5,3,10
2870,0,5,3,10
2871,0,5,3,10
2872,0,5,3,10
2873,0,5,3,10
2874,0,5,3,10
2875,0,5,3,10
2876,0,5,3,10
2877,0,5,3,10
2878,0,5,3,10
2879,0,5,3,10
2880,0,5,3,10
2881,0,5,3,10
2882,0,5,3,10
2883,0,5,3,10
2884,0,5,3,10
2885,0,5,3,10
2886,0,5,3,10
2887,0,5,3,10
2888,0,5,3,10
2889,0,5,3,10
2890,0,5,3,10
2891,0,5,3,10
2892,0,5,3,10
2893,0,5,3,10
2894,0,5,3,10
2895,0,5,3,10
2896,0,5,3,10
2897,0,5,3,10
2898,0,5,3,10
2899,0,5,3,10
2900,0,5,3,10
2901,0,5,3,10
2902,0,5,3,10
2903,0,5,3,10
2904,0,5,3,10
2905,0,5,3,10
2906,0,5,3,10
2907,0,5,3,10
2908,0,5,3,10
2909,0,5,3,10
2910,0,5,3,10
2911,0,5,3,10
2912,0,5,3,10
2913,0,5,3,10
2914,0,5,3,10
2915,0,5,3,10
2916,0,5,3,10
2917,0,5,3,10
2918,0,5,3,10
2919,0,5,3,10
2920,0,5,3,10
2921,0,5,3,10
2922,0,5,3,10
2923,0,5,3,10
2924,0,5,3,10
2925,0,5,3,10
2926,0,5,3,10
2927,0,5,3,10
2928,0,5,3,10
2929,0,5,3,10
2930,0,5,3,10
2931,0,5,3,10
2932,0,5,3,10
2933,0,5,3,10
2934,0,5,3,10
2935,0,5,3,10
2936,0,5,3,10
2937,0,5,3,10
2938,0,5,3,10
2939,0,5,3,10
2940,0,5,3,10
2941,0,5,3,10
2942,0,5,3,10
2943,0,5,3,10
2944,0,5,3,10
2945,0,5,3,10
2946,0,5,3,10
2947,0,5,3,10
2948,0,5,3,10
2949,0,5,3,10
2950,0,5,3,10
2951,0,5,3,10
2952,0,5,3,10
2953,0,5,3,10
2954,0,5,3,10
2955,0,5,3,10
2956,0,5,3,10
2957,0,5,3,10
2958,0,5,3,10
2959,0,5,3,10
2960,0,5,3,10
2961,0,5,3,10
2962,0,5,3,10
2963,0,5,3,10
2964,0,5,3,10
2965,0,5,3,10
2966,0,5,3,10
2967,0,5,3,10
2968,0,5,3,10
2969,0,5,3,10
2970,0,5,3,10
2971,0,5,3,10
2972,0,5,3,10
2973,0,5,3,10
2974,0,5,3,10
2975,0,5,3,10
2976,0,5,3,10
2977,0,5,3,10
2978,0,5,3,10
2979,0,5,3,10
2980,0,5,3,10
2981,0,5,3,10
2982,0,5,3,10
2983,0,5,3,10
2984,0,5,3,10
2985,0,5,3,10
2986,0,5,3,10
2987,0,5,3,10
2988,0,5,3,10
2989,0,5,3,10
2990,0,5,3,10
2991,0,5,3,10
2992,0,5,3,10
2993,0,5,3,10
2994,0,5,3,10
2995,0,5,3,10
2996,0,5,3,10
2997,0,5,3,10
2998,0,5,3,10
2999,0,5,3,10
3000,0,5,3,10
3001,0,5,3,10
3002,0,5,3,10
3003,0,5,3,10
3004,0,5,3,10
3005,0,5,3,10
3006,0,5,2,10
3007,0,5,2,10
3008,0,5,2,10
3009,0,5,2,10
3010,0,5,2,10
3011,0,5,2,10
3012,0,5,2,10
3013,0,5,2,10
3014,0,5,2,10
3015,0,5,2,10
3016,0,5,2,10
3017,0,5,2,10
3018,0,5,2,10
3019,0,5,2,10
3020,0,5,2,10
3021,0,5,2,10
3022,0,5,2,10
3023,0,5,2,10
3024,0,5,2,10
3025,0,5,2,10
3026,0,5,2,10
3027,0,5,2,10
3028,0,5,2,10
3029,0,5,2,10
3030,0,5,2,10
3031,0,5,2,10
3032,0,5,2,10
3033,0,5,2,10
3034,0,5,2,10
3035,0,5,2,10
3036,0,5,2,10
3037,0,5,2,10
3038,0,5,2,10
3039,0,5,2,10
3040,0,5,2,10
3041,0,5,2,10
3042,0,5,2,10
3043,0,5,2,10
3044,0,5,2,10
3045,0,5,2,10
3046,0,5,2,10
3047,0,5,2,10
3048,0,5,2,10
3049,0,5,2,10
3050,0,5,2,10
3051,0,5,2,10
3052,0,5,2,10
3053,0,5,2,10
3054,0,5,2,10
3055,0,5,2,10
3056,0,5,2,10
3057,0,5,2,10
3058,0,5,2,10
3059,0,5,2,10
3060,0,5,2,10
3061,0,5,2,10
3062,0,5,2,10
3063,0,5,2,10
3064,0,5,2,10
3065,0,5,2,10
3066,0,5,2,10
3067,0,5,2,10
3068,0,5,2,10
3069,0,5,2,10
3070,0,5,2,10
3071,0,5,2,10
3072,0,5,2,10
3073,0,5,2,10
3074,0,5,2,10
3075,0,5,2,10
3076,0,5,2,10
3077,0,5,2,10
3078,0,5,2,10
3079,0,5,2,10
3080,0,5,2,10
3081,0,5,2,10
3082,0,5,2,10
3083,0,5,2,10
3084,0,5,2,10
3085,0,5,2,10
3086,0,5,2,10
3087,0,5,2,10
3088,0,5,2,10
3089,0,5,2,10
3090,0,5,2,10
3091,0,5,2,10
3092,0,5,2,10
3093,0,5,2,10
3094,0,5,2,10
3095,0,5,2,10
3096,0,5,2,10
3097,0,5,2,10
3098,0,5,2,10
3099,0,5,2,10
3100,0,5,2,10
3101,0,5,2,10
3102,0,5,2,10
3103,0,5,2,10
3104,0,5,2,10
3105,0,5,2,10
3106,0,5,2,10
3107,0,5,2,10
3108,0,5,2,10
3109,0,5,2,10
3110,0,5,2,10
3111,0,5,2,10
3112,0,5,2,10
3113,0,5,2,10
3114,0,5,2,10
3115,0,5,2,10
3116,0,5,2,10
3117,0,5,2,10
3118,0,5,2,10
3119,0,5,2,10
3120,0,5,2,10
3121,0,5,2,10
3122,0,5,2,10
3123,0,5,2,10
3124,0,5,2,10
3125,0,5,2,10
3126,0,5,2,10
3127,0,5,2,10
3128,0,5,2,10
3129,0,5,2,10
3130,0,5,2,10
3131,0,5,2,10
3132,0,5,2,10
3133,0,5,2,10
3134,0,5,2,10
3135,0,5,2,10
3136,0,5,2,10
3137,0,5,2,10
3138,0,5,2,10
3139,0,5,2,10
3140,0,5,2,10
3141,0,5,2,10
3142,0,5,2,10
3143,0,5,2,10
3144,0,5,2,10
3145,0,5,2,10
3146,0,5,2,10
3147,0,5,2,10
3148,0,5,2,10
3149,0,5,2,10
3150,0,5,2,10
3151,0,5,2,10
3152,0,5,2,10
3153,0,5,2,10
3154,0,5,2,10
3155,0,5,2,10
3156,0,5,2,10
3157,0,5,2,10
3158,0,5,2,10
3159,0,5,2,10
3160,0,5,2,10
3161,0,5,2,10
3162,0,5,2,10
3163,0,5,2,10
3164,0,5,2,10
3165,0,5,2,10
3166,0,5,2,10
3167,0,5,2,10
3168,0,5,2,10
3169,0,5,2,10
3170,0,5,2,10
3171,0,5,2,10
3172,0,4,3,11
3173,0,4,3,11
3174,0,4,3,11
3175,0,4,3,11
3176,0,4,3,11
3177,0,4,3,11
3178,0,4,3,11
3179,0,4,3,11
3180,0,4,3,11
3181,0,4,3,11
3182,0,4,3,11
3183,0,4,3,11
3184,0,4,3,11
3185,0,4,3,11
3186,0,4,3,11
3187,0,4,3,11
3188,0,4,3,11
3189,0,4,3,11
3190,0,4,3,11
3191,0,4,3,11
3192,0,4,3,11
3193,0,4,3,11
3194,0,4,3,11
3195,0,4,3,11
3196,0,4,3,11
3197,0,4,3,11
3198,0,4,3,11
3199,0,4,3,11
3200,0,4,3,11
3201,0,4,3,11
3202,0,4,3,11
3203,0,4,3,11
3204,0,4,3,11
3205,0,4,3,11
3206,0,4,3,11
3207,0,4,3,11
3208,0,4,3,11
3209,0,4,3,11
3210,0,4,3,11
3211,0,4,3,11
3212,0,4,3,11
3213,0,4,3,11
3214,0,4,3,11
3215,0,4,3,11
3216,0,4,3,11
3217,0,4,3,11
3218,0,4,3,11
3219,0,4,3,11
3220,0,4,3,11
3221,0,4,3,11
3222,0,4,3,11
3223,0,4,3,11
3224,0,4,3,11
3225,0,4,3,11
3226,0,4,3,11
3227,0,4,3,11
3228,0,4,3,11
3229,0,4,3,11
3230,0,4,3,11
3231,0,4,3,11
3232,0,4,3,11
3233,0,4,3,11
3234,0,4,3,11
3235,0,4,3,11
3236,0,4,3,11
3237,0,4,3,11
3238,0,4,3,11
3239,0,4,3,11
3240,0,4,3,11
3241,0,4,3,11
3242,0,4,3,11
3243,0,4,3,11
3244,0,4,3,11
3245,0,4,3,11
3246,0,4,3,11
3247,0,4,3,11
3248,0,4,3,11
3249,0,4,3,11
3250,0,4,3,11
3251,0,4,3,11
3252,0,4,3,11
3253,0,4,3,11
3254,0,4,3,11
3255,0,4,3,11
3256,0,4,3,11
3257,0,4,3,11
3258,0,4,3,11
3259,0,4,3,11
3260,0,4,3,11
3261,0,4,3,11
3262,0,4,3,11
3263,0,4,3,11
3264,0,4,3,11
3265,0,4,3,11
3266,0,4,3,11
3267,0,4,3,11
3268,0,4,3,11
3269,0,4,3,11
3270,0,4,3,11
3271,0,4,3,11
3272,0,4,3,11
3273,0,4,3,11
3274,0,4,3,11
3275,0,4,3,11
3276,0,4,3,11
3277,0,4,3,11
3278,0,4,3,11
3279,0,4,3,11
3280,0,4,3,11
3281,0,4,3,11
3282,0,4,3,11
3283,0,4,3,11
3284,0,4,3,11
3285,0,4,3,11
3286,0,4,3,11
3287,0,4,3,11
3288,0,4,3,11
3289,0,4,3,11
3290,0,4,3,11
3291,0,4,3,11
3292,0,4,3,11
3293,0,4,3,11
3294,0,4,3,11
3295,0,4,3,11
3296,0,4,3,11
3297,0,4,3,11
3298,0,4,3,11
3299,0,4,3,11
3300,0,4,3,11
3301,0,4,3,11
3302,0,4,3,11
3303,0,4,3,11
3304,0,4,3,11
3305,0,4,3,11
3306,0,4,3,11
3307,0,4,3,11
3308,0,4,3,11
3309,0,4,3,11
3310,0,4,3,11
3311,0,4,3,11
3312,0,4,3,11
3313,0,4,3,11
3314,0,4,3,11
3315,0,4,3,11
3316,0,4,3,11
3317,0,4,3,11
3318,0,4,3,11
3319,0,4,3,11
3320,0,4,3,11
3321,0,4,3,11
3322,0,4,3,11
3323,0,4,3,11
3324,0,4,3,11
3325,0,4,3,11
3326,0,4,3,11
3327,0,4,3,11
3328,0,4,3,11
3329,0,4,3,11
3330,0,4,3,11
3331,0,4,3,11
3332,0,4,3,11
3333,0,4,3,11
3334,0,4,3,11
3335,0,4,3,11
3336,0,4,3,11
3337,0,4,3,11
3338,0,4,3,11
3339,0,4,3,11
3340,0,4,3,11
3341,0,3,4,12
3342,0,3,4,12
3343,0,3,4,12
3344,0,3,4,12
3345,0,3,4,12
3346,0,3,4,12
3347,0,3,4,12
3348,0,3,4,12
3349,0,3,4,12
3350,0,3,4,12
3351,0,3,4,12
3352,0,3,4,12
3353,0,3,4,12
3354,0,3,4,12
3355,0,3,4,12
3356,0,3,4,12
3357,0,3,4,12
3358,0,3,4,12
3359,0,3,4,12
3360,0,3,4,12
3361,0,3,4,12
3362,0,3,4,12
3363,0,3,4,12
3364,0,3,4,12
3365,0,3,4,12
3366,0,3,4,12
3367,0,3,4,12
3368,0,3,4,12
3369,0,3,4,12
3370,0,3,4,12
3371,0,3,4,12
3372,0,3,4,12
3373,0,3,4,12
3374,0,3,4,12
3375,0,3,4,12
3376,0,3,4,12
3377,0,3,4,12
3378,0,3,4,12
3379,0,3,4,12
3380,0,3,4,12
3381,0,3,4,12
3382,0,3,4,12
3383,0,3,4,12
3384,0,3,4,12
3385,0,3,4,12
3386,0,3,4,12
3387,0,3,4,12
3388,0,3,4,12
3389,0,3,4,12
3390,0,3,4,12
3391,0,3,4,12
3392,0,3,4,12
3393,0,3,4,12
3394,0,3,4,12
3395,0,3,4,12
3396,0,3,4,12
3397,0,3,4,12
3398,0,3,4,12
3399,0,3,4,12
3400,0,3,4,12
3401,0,3,4,12
3402,0,3,4,12
3403,0,3,4,12
3404,0,3,4,12
3405,0,3,4,12
3406,0,3,4,12
3407,0,3,4,12
3408,0,3,4,12
3409,0,3,4,12
3410,0,3,4,12
3411,0,3,4,12
3412,0,3,4,12
3413,0,3,4,12
3414,0,3,4,12
3415,0,3,4,12
3416,0,3,4,12
3417,0,3,4,12
3418,0,3,4,12
3419,0,3,4,12
3420,0,3,4,12
3421,0,3,4,12
3422,0,3,4,12
3423,0,3,4,12
3424,0,3,4,12
3425,0,3,4,12
3426,0,3,4,12
3427,0,3,4,12
3428,0,3,4,12
3429,0,3,4,12
3430,0,3,4,12
3431,0,3,4,12
3432,0,3,4,12
3433,0,3,4,12
3434,0,3,4,12
3435,0,3,4,12
3436,0,3,4,12
3437,0,3,4,12
3438,0,3,4,12
3439,0,3,4,12
3440,0,3,4,12
3441,0,3,4,12
3442,0,3,4,12
3443,0,3,4,12
3444,0,3,4,12
3445,0,3,4,12
3446,0,3,4,12
3447,0,3,4,12
3448,0,3,4,12
3449,0,3,4,12
3450,0,3,4,12
3451,0,3,4,12
3452,0,3,4,12
3453,0,3,4,12
3454,0,3,4,12
3455,0,3,4,12
3456,0,3,4,12
3457,0,3,4,12
3458,0,3,4,12
3459,0,3,4,12
3460,0,3,4,12
3461,0,3,4,12
3462,0,3,4,12
3463,0,3,4,12
3464,0,3,4,12
3465,0,3,4,12
3466,0,3,4,12
3467,0,3,4,12
3468,0,3,4,12
3469,0,3,4,12
3470,0,3,4,12
3471,0,3,4,12
3472,0,3,4,12
3473,0,3,4,12
3474,0,3,4,12
3475,0,3,4,12
3476,0,3,4,12
3477,0,3,4,12
3478,0,3,4,12
3479,0,3,4,12
3480,0,3,4,12
3481,0,3,4,12
3482,0,3,4,12
3483,0,3,4,12
3484,0,3,4,12
3485,0,3,4,12
3486,0,3,4,12
3487,0,3,4,12
3488,0,3,4,12
3489,0,3,4,12
3490,0,3,4,12
3491,0,3,4,12
3492,0,3,4,12
3493,0,3,4,12
3494,0,3,4,12
3495,0,3,4,12
3496,0,3,4,12
3497,0,3,4,12
3498,0,3,4,12
3499,0,3,4,12
3500,0,3,4,12
3501,0,3,4,12
3502,0,3,4,12
3503,0,3,4,12
3504,0,3,4,12
3505,0,3,4,12
3506,0,3,4,12
3507,0,3,4,12
3508,0,3,4,12
3509,0,3,4,12
3510,0,3,4,12
3511,0,3,4,12
3512,0,3,4,12
3513,0,3,4,12
3514,0,2,5,13
3515,0,2,5,13
3516,0,2,5,13
3517,0,2,5,13
3518,0,2,5,13
3519,0,2,5,13
3520,0,2,5,13
3521,0,2,5,13
3522,0,2,5,13
3523,0,2,5,13
3524,0,2,5,13
3525,0,2,5,13
3526,0,2,5,13
3527,0,2,5,13
3528,0,2,5,13
3529,0,2,5,13
3530,0,2,5,13
3531,0,2,5,13
3532,0,2,5,13
3533,0,2,5,13
3534,0,2,5,13
3535,0,2,5,13
3536,0,2,5,13
3537,0,2,5,13
3538,0,2,5,13
3539,0,2,5,13
3540,0,2,5,13
3541,0,2,5,13
3542,0,2,5,13
3543,0,2,5,13
3544,0,2,5,13
3545,0,2,5,13
3546,0,2,5,13
3547,0,2,5,13
3548,0,2,5,13
3549,0,2,5,13
3550,0,2,5,13
3551,0,2,5,13
3552,0,2,5,13
3553,0,2,5,13
3554,0,2,5,13
3555,0,2,5,13
3556,0,2,5,13
3557,0,2,5,13
3558,0,2,5,13
3559,0,2,5,13
3560,0,2,5,13
3561,0,2,5,13
3562,0,2,5,13
3563,0,2,5,13
3564,0,2,5,13
3565,0,2,5,13
3566,0,2,5,13
3567,0,2,5,13
3568,0,2,5,13
3569,0,2,5,13
3570,0,2,5,13
3571,0,2,5,13
3572,0,2,5,13
3573,0,2,5,13
3574,0,2,5,13
3575,0,2,5,13
3576,0,2,5,13
3577,0,2,5,13
3578,0,2,5,13
3579,0,2,5,13
3580,0,2,5,13
3581,0,2,5,13
3582,0,2,5,13
3583,0,2,5,13
3584,0,2,5,13
3585,0,2,5,13
3586,0,2,5,13
3587,0,2,5,13
3588,0,2,5,13
3589,0,2,5,13
3590,0,2,5,13
3591,0,2,5,13
3592,0,2,5,13
3593,0,2,5,13
3594,0,2,5,13
3595,0,2,5,13
3596,0,2,5,13
3597,0,2,5,13
3598,0,2,5,13
3599,0,2,5,13
3600,0,2,5,13
3601,0,2,5,13
3602,0,2,5,13
3603,0,2,5,13
3604,0,2,5,13
3605,0,2,5,13
3606,0,2,5,13
3607,0,2,5,13
3608,0,2,5,13
3609,0,2,5,13
3610,0,2,5,13
3611,0,2,5,13
3612,0,2,5,13
3613,0,2,5,13
3614,0,2,5,13
3615,0,2,5,13
3616,0,2,5,13
3617,0,2,5,13
3618,0,2,5,13
3619,0,2,5,13
3620,0,2,5,13
3621,0,2,5,13
3622,0,2,5,13
3623,0,2,5,13
3624,0,2,5,13
3625,0,2,5,13
3626,0,2,5,13
3627,0,2,5,13
3628,0,2,5,13
3629,0,2,5,13
3630,0,2,5,13
3631,0,2,5,13
3632,0,2,5,13
3633,0,2,5,13
3634,0,2,5,13
3635,0,2,5,13
3636,0,2,5,13
3637,0,2,5,13
3638,0,2,5,13
3639,0,2,5,13
3640,0,2,5,13
3641,0,2,5,13
3642,0,2,5,13
3643,0,2,5,13
3644,0,2,5,13
3645,0,2,5,13
3646,0,2,5,13
3647,0,2,5,13
3648,0,2,5,13
3649,0,2,5,13
3650,0,2,5,13
3651,0,2,5,13
3652,0,2,5,13
3653,0,2,5,13
3654,0,2,5,13
3655,0,2,5,13
3656,0,2,5,13
3657,0,2,5,13
3658,0,2,5,13
3659,0,2,5,13
3660,0,2,5,13
3661,0,2,5,13
3662,0,2,5,13
3663,0,2,5,13
3664,0,2,5,13
3665,0,2,5,13
3666,0,2,5,13
3667,0,2,5,13
3668,0,2,5,13
3669,0,2,5,13
3670,0,2,5,13
3671,0,2,5,13
3672,0,2,5,13
3673,0,2,5,13
3674,0,2,5,13
3675,0,2,5,13
3676,0,2,5,13
3677,0,2,5,13
3678,0,2,5,13
3679,0,2,5,13
3680,0,2,5,13
3681,0,2,5,13
3682,0,2,5,13
3683,0,2,5,13
3684,0,2,5,13
3685,0,2,5,13
3686,0,2,5,13
3687,0,2,4,13
3688,0,2,4,13
3689,0,2,4,13
3690,0,2,4,13
3691,0,2,4,13
3692,0,2,4,13
3693,0,2,4,13
3694,0,2,4,13
3695,0,2,4,13
3696,0,2,4,13
3697,0,2,4,13
3698,0,2,4,13
3699,0,2,4,13
3700,0,2,4,13
3701,0,2,4,13
3702,0,2,4,13
3703,0,2,4,13
3704,0,2,4,13
3705,0,2,4,13
3706,0,2,4,13
3707,0,2,4,13
3708,0,2,4,13
3709,0,2,4,13
3710,0,2,4,13
3711,0,2,4,13
3712,0,2,4,13
3713,0,2,4,13
3714,0,2,4,13
3715,0,2,4,13
3716,0,2,4,13
3717,0,2,4,13
3718,0,2,4,13
3719,0,2,4,13
3720,0,2,4,13
3721,0,2,4,13
3722,0,2,4,13
3723,0,2,4,13
3724,0,2,4,13
3725,0,2,4,13
3726,0,2,4,13
3727,0,2,4,13
3728,0,2,4,13
3729,0,2,4,13
3730,0,2,4,13
3731,0,2,4,13
3732,0,2,4,13
3733,0,2,4,13
3734,0,2,4,13
3735,0,2,4,13
3736,0,2,4,13
3737,0,2,4,13
3738,0,2,4,13
3739,0,2,4,13
3740,0,2,4,13
3741,0,2,4,13
3742,0,2,4,13
3743,0,2,4,13
3744,0,2,4,13
3745,0,2,4,13
3746,0,2,4,13
3747,0,2,4,13
3748,0,2,4,13
3749,0,2,4,13
3750,0,2,4,13
3751,0,2,4,13
3752,0,2,4,13
3753,0,2,4,13
3754,0,2,4,13
3755,0,2,4,13
3756,0,2,4,13
3757,0,2,4,13
3758,0,2,4,13
3759,0,2,4,13
3760,0,2,4,13
3761,0,2,4,13
3762,0,2,4,13
3763,0,2,4,13
3764,0,2,4,13
3765,0,2,4,13
3766,0,2,4,13
3767,0,2,4,13
3768,0,2,4,13
3769,0,2,4,13
3770,0,2,4,13
3771,0,2,4,13
3772,0,2,4,13
3773,0,2,4,13
3774,0,2,4,13
3775,0,2,4,13
3776,0,2,4,13
3777,0,2,4,13
3778,0,2,4,13
3779,0,2,4,13
3780,0,2,4,13
3781,0,2,4,13
3782,0,2,4,13
3783,0,2,4,13
3784,0,2,4,13
3785,0,2,4,13
3786,0,2,4,13
3787,0,2,4,13
3788,0,2,4,13
3789,0,2,4,13
3790,0,2,4,13
3791,0,2,4,13
3792,0,2,4,13
3793,0,2,4,13
3794,0,2,4,13
3795,0,2,4,13
3796,0,2,4,13
3797,0,2,4,13
3798,0,2,4,13
3799,0,2,4,13
3800,0,2,4,13
3801,0,2,4,13
3802,0,2,4,13
3803,0,2,4,13
3804,0,2,4,13
3805,0,2,4,13
3806,0,2,4,13
3807,0,2,4,13
3808,0,2,4,13
3809,0,2,4,13
3810,0,2,4,13
3811,0,2,4,13
3812,0,2,4,13
3813,0,2,4,13
3814,0,2,4,13
3815,0,2,4,13
3816,0,2,4,13
3817,0,2,4,13
3818,0,2,4,13
3819,0,2,4,13
3820,0,2,4,13
3821,0,2,4,13
3822,0,2,4,13
3823,0,2,4,13
3824,0,2,4,13
3825,0,2,4,13
3826,0,2,4,13
3827,0,2,4,13
3828,0,2,4,13
3829,0,2,4,13
3830,0,2,4,13
3831,0,2,4,13
3832,0,2,4,13
3833,0,2,4,13
3834,0,2,4,13
3835,0,2,4,13
3836,0,2,4,13
3837,0,2,4,13
3838,0,2,4,13
3839,0,2,4,13
3840,0,2,4,13
3841,0,2,4,13
3842,0,2,4,13
3843,0,2,4,13
3844,0,2,4,13
3845,0,2,4,13
3846,0,2,4,13
3847,0,2,4,13
3848,0,2,4,13
3849,0,2,4,13
3850,0,2,4,13
3851,0,2,4,13
3852,0,2,4,13
3853,0,2,4,13
3854,0,2,4,13
3855,0,2,4,13
3856,0,2,4,13
3857,0,2,4,13
3858,0,2,4,13
3859,0,2,4,13
3860,0,2,4,13
3861,0,2,3,13
3862,0,2,3,13
3863,0,2,3,13
3864,0,2,3,13
3865,0,2,3,13
3866,0,2,3,13
3867,0,2,3,13
3868,0,2,3,13
3869,0,2,3,13
3870,0,2,3,13
3871,0,2,3,13
3872,0,2,3,13
3873,0,2,3,13
3874,0,2,3,13
3875,0,2,3,13
3876,0,2,3,13
3877,0,2,3,13
3878,0,2,3,13
3879,0,2,3,13
3880,0,2,3,13
3881,0,2,3,13
3882,0,2,3,13
3883,0,2,3,13
3884,0,2,3,13
3885,0,2,3,13
3886,0,2,3,13
3887,0,2,3,13
3888,0,2,3,13
3889,0,2,3,13
3890,0,2,3,13
3891,0,2,3,13
3892,0,2,3,13
3893,0,2,3,13
3894,0,2,3,13
3895,0,2,3,13
3896,0,2,3,13
3897,0,2,3,13
3898,0,2,3,13
3899,0,2,3,13
3900,0,2,3,13
3901,0,2,3,13
3902,0,2,3,13
3903,0,2,3,13
3904,0,2,3,13
3905,0,2,3,13
3906,0,2,3,13
3907,0,2,3,13
3908,0,2,3,13
3909,0,2,3,13
3910,0,2,3,13
3911,0,2,3,13
3912,0,2,3,13
3913,0,2,3,13
3914,0,2,3,13
3915,0,2,3,13
3916,0,2,3,13
3917,0,2,3,13
3918,0,2,3,13
3919,0,2,3,13
3920,0,2,3,13
3921,0,2,3,13
3922,0,2,3,13
3923,0,2,3,13
3924,0,2,3,13
3925,0,2,3,13
3926,0,2,3,13
3927,0,2,3,13
3928,0,2,3,13
3929,0,2,3,13
3930,0,2,3,13
3931,0,2,3,13
3932,0,2,3,13
3933,0,2,3,13
3934,0,2,3,13
3935,0,2,3,13
3936,0,2,3,13
3937,0,2,3,13
3938,0,2,3,13
3939,0,2,3,13
3940,0,2,3,13
3941,0,2,3,13
3942,0,2,3,13
3943,0,2,3,13
3944,0,2,3,13
3945,0,2,3,13
3946,0,2,3,13
3947,0,2,3,13
3948,0,2,3,13
3949,0,2,3,13
3950,0,2,3,13
3951,0,2,3,13
3952,0,2,3,13
3953,0,2,3,13
3954,0,2,3,13
3955,0,2,3,13
3956,0,2,3,13
3957,0,2,3,13
3958,0,2,3,13
3959,0,2,3,13
3960,0,2,3,13
3961,0,2,3,13
3962,0,2,3,13
3963,0,2,3,13
3964,0,2,3,13
3965,0,2,3,13
3966,0,2,3,13
3967,0,2,3,13
3968,0,2,3,13
3969,0,2,3,13
3970,0,2,3,13
3971,0,2,3,13
3972,0,2,3,13
3973,0,2,3,13
3974,0,2,3,13
3975,0,2,3,13
3976,0,2,3,13
3977,0,2,3,13
3978,0,2,3,13
3979,0,2,3,13
3980,0,2,3,13
3981,0,2,3,13
3982,0,2,3,13
3983,0,2,3,13
3984,0,2,3,13
3985,0,2,3,13
3986,0,2,3,13
3987,0,2,3,13
3988,0,2,3,13
3989,0,2,3,13
3990,0,2,3,13
3991,0,2,3,13
3992,0,2,3,13
3993,0,2,3,13
3994,0,2,3,13
3995,0,2,3,13
3996,0,2,3,13
3997,0,2,3,13
3998,0,2,3,13
3999,0,2,3,13
4000,0,2,3,13
4001,0,2,3,13
4002,0,2,3,13
4003,0,2,3,13
4004,0,2,3,13
4005,0,2,3,13
4006,0,2,3,13
4007,0,2,3,13
4008,0,2,3,13
4009,0,2,3,13
4010,0,2,3,13
4011,0,2,3,13
4012,0,2,3,13
4013,0,2,3,13
4014,0,2,3,13
4015,0,2,3,13
4016,0,2,3,13
4017,0,2,3,13
4018,0,2,3,13
4019,0,2,3,13
4020,0,2,3,13
4021,0,2,3,13
4022,0,2,3,13
4023,0,2,3,13
4024,0,2,3,13
4025,0,2,3,13
4026,0,2,3,13
4027,0,2,3,13
4028,0,2,3,13
4029,0,2,3,13
4030,0,2,3,13
4031,0,2,3,13
4032,0,2,3,13
4033,0,2,3,13
4034,0,2,3,13
4035,0,2,3,13
4036,0,2,3,13
4037,0,2,3,13
4038,0,1,4,14
4039,0,1,4,14
4040,0,1,4,14
4041,0,1,4,14
4042,0,1,4,14
4043,0,1,4,14
4044,0,1,4,14
4045,0,1,4,14
4046,0,1,4,14
4047,0,1,4,14
4048,0,1,4,14
4049,0,1,4,14
4050,0,1,4,14
4051,0,1,4,14
4052,0,1,4,14
4053,0,1,4,14
4054,0,1,4,14
4055,0,1,4,14
4056,0,1,4,14
4057,0,1,4,14
4058,0,1,4,14
4059,0,1,4,14
4060,0,1,4,14
4061,0,1,4,14
4062,0,1,4,14
4063,0,1,4,14
4064,0,1,4,14
4065,0,1,4,14
4066,0,1,4,14
4067,0,1,4,14
4068,0,1,4,14
4069,0,1,4,14
4070,0,1,4,14
4071,0,1,4,14
4072,0,1,4,14
4073,0,1,4,14
4074,0,1,4,14
4075,0,1,4,14
4076,0,1,4,14
4077,0,1,4,14
4078,0,1,4,14
4079,0,1,4,14
4080,0,1,4,14
4081,0,1,4,14
4082,0,1,4,14
4083,0,1,4,14
4084,0,1,4,14
4085,0,1,4,14
4086,0,1,4,14
4087,0,1,4,14
4088,0,1,4,14
4089,0,1,4,14
4090,0,1,4,14
4091,0,1,4,14
4092,0,1,4,14
4093,0,1,4,14
4094,0,1,4,14
4095,0,1,4,14
4096,0,1,4,14
4097,0,1,4,14
4098,0,1,4,14
4099,0,1,4,14
4100,0,1,4,14
4101,0,1,4,14
4102,0,1,4,14
4103,0,1,4,14
4104,0,1,4,14
4105,0,1,4,14
4106,0,1,4,14
4107,0,1,4,14
4108,0,1,4,14
4109,0,1,4,14
4110,0,1,4,14
4111,0,1,4,14
4112,0,1,4,14
4113,0,1,4,14
4114,0,1,4,14
4115,0,1,4,14
4116,0,1,4,14
4117,0,1,4,14
4118,0,1,4,14
4119,0,1,4,14
4120,0,1,4,14
4121,0,1,4,14
4122,0,1,4,14
4123,0,1,4,14
4124,0,1,4,14
4125,0,1,4,14
4126,0,1,4,14
4127,0,1,4,14
4128,0,1,4,14
4129,0,1,4,14
4130,0,1,4,14
4131,0,1,4,14
4132,0,1,4,14
4133,0,1,4,14
4134,0,1,4,14
4135,0,1,4,14
4136,0,1,4,14
4137,0,1,4,14
4138,0,1,4,14
4139,0,1,4,14
4140,0,1,4,14
4141,0,1,4,14
4142,0,1,4,14
4143,0,1,4,14
4144,0,1,4,14
4145,0,1,4,14
4146,0,1,4,14
4147,0,1,4,14
4148,0,1,4,14
4149,0,1,4,14
4150,0,1,4,14
4151,0,1,4,14
4152,0,1,4,14
4153,0,1,4,14
4154,0,1,4,14
4155,0,1,4,14
4156,0,1,4,14
4157,0,1,4,14
4158,0,1,4,14
4159,0,1,4,14
4160,0,1,4,14
4161,0,1,4,14
4162,0,1,4,14
4163,0,1,4,14
4164,0,1,4,14
4165,0,1,4,14
4166,0,1,4,14
4167,0,1,4,14
4168,0,1,4,14
4169,0,1,4,14
4170,0,1,4,14
4171,0,1,4,14
4172,0,1,4,14
4173,0,1,4,14
4174,0,1,4,14
4175,0,1,4,14
4176,0,1,4,14
4177,0,1,4,14
4178,0,1,4,14
4179,0,1,4,14
4180,0,1,4,14
4181,0,1,4,14
4182,0,1,4,14
4183,0,1,4,14
4184,0,1,4,14
4185,0,1,4,14
4186,0,1,4,14
4187,0,1,4,14
4188,0,1,4,14
4189,0,1,4,14
4190,0,1,4,14
4191,0,1,4,14
4192,0,1,4,14
4193,0,1,4,14
4194,0,1,4,14
4195,0,1,4,14
4196,0,1,4,14
4197,0,1,4,14
4198,0,1,4,14
4199,0,1,4,14
4200,0,1,4,14
4201,0,1,4,14
4202,0,1,4,14
4203,0,1,4,14
4204,0,1,4,14
4205,0,1,4,14
4206,0,1,4,14
4207,0,1,4,14
4208,0,1,4,14
4209,0,1,4,14
4210,0,1,4,14
4211,0,1,4,14
4212,0,1,4,14
4213,0,1,4,14
4214,0,1,4,14
4215,0,1,4,14
