total,l1,l2,l3
1,0,15,12
2,0,15,12
3,0,14,14
4,0,14,14
5,0,14,14
6,0,14,14
7,0,14,14
8,0,14,14
9,0,14,14
10,0,14,14
11,0,14,14
12,0,14,13
13,0,14,13
14,0,14,13
15,0,14,13
16,0,14,13
17,0,14,13
18,0,14,13
19,0,14,13
20,0,14,13
21,0,14,13
22,0,14,13
23,0,14,13
24,0,14,13
25,0,13,14
26,0,13,14
27,0,13,14
28,0,13,14
29,0,13,14
30,0,13,14
31,0,13,14
32,0,13,14
33,0,13,14
34,0,13,14
35,0,13,14
36,0,13,14
37,0,13,14
38,0,13,14
39,0,13,14
40,0,13,14
41,0,13,14
42,0,13,14
43,0,13,14
44,0,13,14
45,0,13,13
46,0,13,13
47,0,13,13
48,0,13,13
49,0,13,13
50,0,13,13
51,0,13,13
52,0,13,13
53,0,13,13
54,0,13,13
55,0,13,13
56,0,13,13
57,0,13,13
58,0,13,13
59,0,13,13
60,0,13,13
61,0,13,13
62,0,13,13
63,0,13,13
64,0,13,13
65,0,13,13
66,0,13,12
67,0,13,12
68,0,13,12
69,0,13,12
70,0,13,12
71,0,13,12
72,0,13,12
73,0,13,12
74,0,13,12
75,0,13,12
76,0,13,12
77,0,13,12
78,0,13,12
79,0,13,12
80,0,13,12
81,0,13,12
82,0,13,12
83,0,13,12
84,0,13,12
85,0,13,12
86,0,13,12
87,0,13,12
88,0,13,12
89,0,13,12
90,0,13,12
91,0,12,13
92,0,12,13
93,0,12,13
94,0,12,13
95,0,12,13
96,0,12,13
97,0,12,13
98,0,12,13
99,0,12,13
100,0,12,13
101,0,12,13
102,0,12,13
103,0,12,13
104,0,12,13
105,0,12,13
106,0,12,13
107,0,12,13
108,0,12,13
109,0,12,13
110,0,12,13
111,0,12,13
112,0,12,13
113,0,12,13
114,0,12,13
115,0,12,13
116,0,12,13
117,0,12,12
118,0,12,12
119,0,12,12
120,0,12,12
121,0,12,12
122,0,12,12
123,0,12,12
124,0,12,12
125,0,12,12
126,0,12,12
127,0,12,12
128,0,12,12
129,0,12,12
130,0,12,12
131,0,12,12
132,0,12,12
133,0,12,12
134,0,12,12
135,0,12,12
136,0,12,12
137,0,12,12
138,0,12,12
139,0,12,12
140,0,12,12
141,0,12,12
142,0,12,12
143,0,12,12
144,0,12,12
145,0,12,12
146,0,12,12
147,0,12,12
148,0,12,12
149,0,12,12
150,0,12,12
151,0,12,12
152,0,12,12
153,0,12,12
154,0,12,12
155,0,12,12
156,0,12,12
157,0,12,12
158,0,12,12
159,0,12,12
160,0,12,12
161,0,12,12
162,0,12,12
163,0,12,12
164,0,12,12
165,0,12,12
166,0,12,12
167,0,12,12
168,0,12,12
169,0,12,12
170,0,12,12
171,0,12,12
172,0,12,12
173,0,12,12
174,0,12,11
175,0,12,11
176,0,12,11
177,0,12,11
178,0,12,11
179,0,12,11
180,0,12,11
181,0,12,11
182,0,12,11
183,0,12,11
184,0,12,11
185,0,12,11
186,0,12,11
187,0,12,11
188,0,12,11
189,0,12,11
190,0,12,11
191,0,12,11
192,0,12,11
193,0,12,11
194,0,12,11
195,0,12,11
196,0,12,11
197,0,12,11
198,0,12,11
199,0,12,11
200,0,12,11
201,0,12,11
202,0,12,11
203,0,12,11
204,0,12,11
205,0,12,11
206,0,12,11
207,0,12,11
208,0,12,11
209,0,12,11
210,0,12,11
211,0,12,11
212,0,12,11
213,0,12,11
214,0,12,11
215,0,12,11
216,0,12,11
217,0,12,11
218,0,12,11
219,0,12,11
220,0,12,11
221,0,12,11
222,0,12,11
223,0,12,11
224,0,12,11
225,0,12,11
226,0,12,11
227,0,12,11
228,0,12,11
229,0,12,11
230,0,12,11
231,0,12,11
232,0,12,11
233,0,12,11
234,0,12,10
235,0,12,10
236,0,12,10
237,0,12,10
238,0,12,10
239,0,12,10
240,0,12,10
241,0,12,10
242,0,12,10
243,0,12,10
244,0,12,10
245,0,12,10
246,0,12,10
247,0,12,10
248,0,12,10
249,0,12,10
250,0,12,10
251,0,12,10
252,0,12,10
253,0,12,10
254,0,12,10
255,0,12,10
256,0,12,10
257,0,12,10
258,0,12,10
259,0,12,10
260,0,12,10
261,0,12,10
262,0,12,10
263,0,12,10
264,0,12,10
265,0,12,10
266,0,12,10
267,0,12,10
268,0,12,10
269,0,12,10
270,0,12,10
271,0,12,10
272,0,12,10
273,0,12,10
274,0,12,10
275,0,12,10
276,0,12,10
277,0,12,10
278,0,12,10
279,0,12,10
280,0,12,10
281,0,12,10
282,0,12,10
283,0,12,10
284,0,12,10
285,0,12,10
286,0,12,10
287,0,12,10
288,0,12,10
289,0,12,10
290,0,12,10
291,0,12,10
292,0,12,10
293,0,12,10
294,0,12,10
295,0,12,10
296,0,12,10
297,0,12,10
298,0,12,10
299,0,12,9
300,0,12,9
301,0,12,9
302,0,12,9
303,0,12,9
304,0,12,9
305,0,12,9
306,0,12,9
307,0,12,9
308,0,12,9
309,0,12,9
310,0,12,9
311,0,12,9
312,0,12,9
313,0,12,9
314,0,12,9
315,0,12,9
316,0,12,9
317,0,12,9
318,0,12,9
319,0,12,9
320,0,12,9
321,0,12,9
322,0,12,9
323,0,12,9
324,0,12,9
325,0,12,9
326,0,12,9
327,0,12,9
328,0,12,9
329,0,12,9
330,0,12,9
331,0,12,9
332,0,12,9
333,0,12,9
334,0,12,9
335,0,12,9
336,0,12,9
337,0,12,9
338,0,12,9
339,0,12,9
340,0,12,9
341,0,12,9
342,0,12,9
343,0,12,9
344,0,12,9
345,0,12,9
346,0,12,9
347,0,12,9
348,0,12,9
349,0,12,9
350,0,12,9
351,0,12,9
352,0,12,9
353,0,12,9
354,0,12,9
355,0,12,9
356,0,12,9
357,0,12,9
358,0,12,9
359,0,12,9
360,0,12,9
361,0,12,9
362,0,12,9
363,0,12,9
364,0,12,9
365,0,12,9
366,0,12,9
367,0,12,9
368,0,12,9
369,0,12,8
370,0,12,8
371,0,12,8
372,0,12,8
373,0,12,8
374,0,12,8
375,0,12,8
376,0,12,8
377,0,12,8
378,0,12,8
379,0,12,8
380,0,12,8
381,0,12,8
382,0,12,8
383,0,12,8
384,0,12,8
385,0,12,8
386,0,12,8
387,0,12,8
388,0,12,8
389,0,12,8
390,0,12,8
391,0,12,8
392,0,12,8
393,0,12,8
394,0,12,8
395,0,12,8
396,0,12,8
397,0,12,8
398,0,12,8
399,0,12,8
400,0,12,8
401,0,12,8
402,0,12,8
403,0,12,8
404,0,12,8
405,0,12,8
406,0,12,8
407,0,12,8
408,0,12,8
409,0,12,8
410,0,12,8
411,0,12,8
412,0,12,8
413,0,12,8
414,0,12,8
415,0,12,8
416,0,12,8
417,0,12,8
418,0,12,8
419,0,12,8
420,0,12,8
421,0,12,8
422,0,12,8
423,0,12,8
424,0,12,8
425,0,12,8
426,0,12,8
427,0,12,8
428,0,12,8
429,0,12,8
430,0,12,8
431,0,12,8
432,0,12,8
433,0,12,8
434,0,12,8
435,0,12,8
436,0,12,8
437,0,12,8
438,0,12,8
439,0,12,8
440,0,12,8
441,0,11,10
442,0,11,10
443,0,11,10
444,0,11,10
445,0,11,10
446,0,11,10
447,0,11,10
448,0,11,10
449,0,11,10
450,0,11,10
451,0,11,10
452,0,11,10
453,0,11,10
454,0,11,10
455,0,11,10
456,0,11,10
457,0,11,10
458,0,11,10
459,0,11,10
460,0,11,10
461,0,11,10
462,0,11,10
463,0,11,10
464,0,11,10
465,0,11,10
466,0,11,10
467,0,11,10
468,0,11,10
469,0,11,10
470,0,11,10
471,0,11,10
472,0,11,10
473,0,11,10
474,0,11,10
475,0,11,10
476,0,11,10
477,0,11,10
478,0,11,10
479,0,11,10
480,0,11,10
481,0,11,10
482,0,11,10
483,0,11,10
484,0,11,10
485,0,11,10
486,0,11,10
487,0,11,10
488,0,11,10
489,0,11,10
490,0,11,10
491,0,11,10
492,0,11,10
493,0,11,10
494,0,11,10
495,0,11,10
496,0,11,10
497,0,11,10
498,0,11,10
499,0,11,10
500,0,11,10
501,0,11,10
502,0,11,10
503,0,11,10
504,0,11,9
505,0,11,9
506,0,11,9
507,0,11,9
508,0,11,9
509,0,11,9
510,0,11,9
511,0,11,9
512,0,11,9
513,0,11,9
514,0,11,9
515,0,11,9
516,0,11,9
517,0,11,9
518,0,11,9
519,0,11,9
520,0,11,9
521,0,11,9
522,0,11,9
523,0,11,9
524,0,11,9
525,0,11,9
526,0,11,9
527,0,11,9
528,0,11,9
529,0,11,9
530,0,11,9
531,0,11,9
532,0,11,9
533,0,11,9
534,0,11,9
535,0,11,9
536,0,11,9
537,0,11,9
538,0,11,9
539,0,11,9
540,0,11,9
541,0,11,9
542,0,11,9
543,0,11,9
544,0,11,9
545,0,11,9
546,0,11,9
547,0,11,9
548,0,11,9
549,0,11,9
550,0,11,9
551,0,11,9
552,0,11,9
553,0,11,9
554,0,11,9
555,0,11,9
556,0,11,9
557,0,11,9
558,0,11,9
559,0,11,9
560,0,11,9
561,0,11,9
562,0,11,9
563,0,11,9
564,0,11,9
565,0,11,9
566,0,11,9
567,0,11,9
568,0,11,9
569,0,11,9
570,0,11,9
571,0,11,9
572,0,11,9
573,0,11,9
574,0,11,9
575,0,11,9
576,0,11,9
577,0,11,9
578,0,11,9
579,0,11,9
580,0,11,9
581,0,11,9
582,0,11,8
583,0,11,8
584,0,11,8
585,0,11,8
586,0,11,8
587,0,11,8
588,0,11,8
589,0,11,8
590,0,11,8
591,0,11,8
592,0,11,8
593,0,11,8
594,0,11,8
595,0,11,8
596,0,11,8
597,0,11,8
598,0,11,8
599,0,11,8
600,0,11,8
601,0,11,8
602,0,11,8
603,0,11,8
604,0,11,8
605,0,11,8
606,0,11,8
607,0,11,8
608,0,11,8
609,0,11,8
610,0,11,8
611,0,11,8
612,0,11,8
613,0,11,8
614,0,11,8
615,0,11,8
616,0,11,8
617,0,11,8
618,0,11,8
619,0,11,8
620,0,11,8
621,0,11,8
622,0,11,8
623,0,11,8
624,0,11,8
625,0,11,8
626,0,11,8
627,0,11,8
628,0,11,8
629,0,11,8
630,0,11,8
631,0,11,8
632,0,11,8
633,0,11,8
634,0,11,8
635,0,11,8
636,0,11,8
637,0,11,8
638,0,11,8
639,0,11,8
640,0,11,8
641,0,11,8
642,0,11,8
643,0,11,8
644,0,11,8
645,0,11,8
646,0,11,8
647,0,11,8
648,0,11,8
649,0,11,8
650,0,11,8
651,0,11,8
652,0,11,8
653,0,11,8
654,0,11,8
655,0,11,8
656,0,11,8
657,0,11,8
658,0,11,8
659,0,11,8
660,0,11,7
661,0,11,7
662,0,11,7
663,0,11,7
664,0,11,7
665,0,11,7
666,0,11,7
667,0,11,7
668,0,11,7
669,0,11,7
670,0,11,7
671,0,11,7
672,0,11,7
673,0,11,7
674,0,11,7
675,0,11,7
676,0,11,7
677,0,11,7
678,0,11,7
679,0,11,7
680,0,11,7
681,0,11,7
682,0,11,7
683,0,11,7
684,0,11,7
685,0,11,7
686,0,11,7
687,0,11,7
688,0,11,7
689,0,11,7
690,0,11,7
691,0,11,7
692,0,11,7
693,0,11,7
694,0,11,7
695,0,11,7
696,0,11,7
697,0,11,7
698,0,11,7
699,0,11,7
700,0,11,7
701,0,11,7
702,0,11,7
703,0,11,7
704,0,11,7
705,0,11,7
706,0,11,7
707,0,11,7
708,0,11,7
709,0,11,7
710,0,11,7
711,0,11,7
712,0,11,7
713,0,11,7
714,0,11,7
715,0,11,7
716,0,11,7
717,0,11,7
718,0,11,7
719,0,11,7
720,0,11,7
721,0,11,7
722,0,11,7
723,0,11,7
724,0,11,7
725,0,11,7
726,0,11,7
727,0,11,7
728,0,11,7
729,0,11,7
730,0,11,7
731,0,11,7
732,0,11,7
733,0,11,7
734,0,11,7
735,0,11,7
736,0,11,7
737,0,11,7
738,0,11,7
739,0,11,7
740,0,11,7
741,0,11,7
742,0,11,7
743,0,11,7
744,0,11,6
745,0,11,6
746,0,11,6
747,0,11,6
748,0,11,6
749,0,11,6
750,0,11,6
751,0,11,6
752,0,11,6
753,0,11,6
754,0,11,6
755,0,11,6
756,0,11,6
757,0,11,6
758,0,11,6
759,0,11,6
760,0,11,6
761,0,11,6
762,0,11,6
763,0,11,6
764,0,11,6
765,0,11,6
766,0,11,6
767,0,11,6
768,0,11,6
769,0,11,6
770,0,11,6
771,0,11,6
772,0,11,6
773,0,11,6
774,0,11,6
775,0,11,6
776,0,11,6
777,0,11,6
778,0,11,6
779,0,11,6
780,0,11,6
781,0,11,6
782,0,11,6
783,0,11,6
784,0,11,6
785,0,11,6
786,0,11,6
787,0,11,6
788,0,11,6
789,0,11,6
790,0,11,6
791,0,11,6
792,0,11,6
793,0,11,6
794,0,11,6
795,0,11,6
796,0,11,6
797,0,11,6
798,0,11,6
799,0,11,6
800,0,11,6
801,0,11,6
802,0,11,6
803,0,11,6
804,0,11,6
805,0,11,6
806,0,11,6
807,0,11,6
808,0,11,6
809,0,11,6
810,0,11,6
811,0,11,6
812,0,11,6
813,0,11,6
814,0,11,6
815,0,11,6
816,0,11,6
817,0,11,6
818,0,11,6
819,0,11,6
820,0,11,6
821,0,11,6
822,0,11,6
823,0,11,6
824,0,11,6
825,0,11,6
826,0,11,6
827,0,11,6
828,0,11,6
829,0,11,6
830,0,11,6
831,0,11,5
832,0,11,5
833,0,11,5
834,0,11,5
835,0,11,5
836,0,11,5
837,0,11,5
838,0,11,5
839,0,11,5
840,0,11,5
841,0,11,5
842,0,11,5
843,0,11,5
844,0,11,5
845,0,11,5
846,0,11,5
847,0,11,5
848,0,11,5
849,0,11,5
850,0,11,5
851,0,11,5
852,0,11,5
853,0,11,5
854,0,11,5
855,0,11,5
856,0,11,5
857,0,11,5
858,0,11,5
859,0,11,5
860,0,11,5
861,0,11,5
862,0,11,5
863,0,11,5
864,0,11,5
865,0,11,5
866,0,11,5
867,0,11,5
868,0,11,5
869,0,11,5
870,0,11,5
871,0,11,5
872,0,11,5
873,0,11,5
874,0,11,5
875,0,11,5
876,0,11,5
877,0,11,5
878,0,11,5
879,0,11,5
880,0,11,5
881,0,11,5
882,0,11,5
883,0,11,5
884,0,11,5
885,0,11,5
886,0,11,5
887,0,11,5
888,0,11,5
889,0,11,5
890,0,11,5
891,0,11,5
892,0,11,5
893,0,11,5
894,0,11,5
895,0,11,5
896,0,11,5
897,0,11,5
898,0,11,5
899,0,11,5
900,0,11,5
901,0,11,5
902,0,11,5
903,0,11,5
904,0,11,5
905,0,11,5
906,0,11,5
907,0,11,5
908,0,11,5
909,0,11,5
910,0,11,5
911,0,11,5
912,0,11,5
913,0,11,5
914,0,11,5
915,0,11,5
916,0,11,5
917,0,11,5
918,0,11,5
919,0,11,5
920,0,11,5
921,0,11,5
922,0,11,5
923,0,11,5
924,0,11,5
925,0,10,7
926,0,10,7
927,0,10,7
928,0,10,7
929,0,10,7
930,0,10,7
931,0,10,7
932,0,10,7
933,0,10,7
934,0,10,7
935,0,10,7
936,0,10,7
937,0,10,7
938,0,10,7
939,0,10,7
940,0,10,7
941,0,10,7
942,0,10,7
943,0,10,7
944,0,10,7
945,0,10,7
946,0,10,7
947,0,10,7
948,0,10,7
949,0,10,7
950,0,10,7
951,0,10,7
952,0,10,7
953,0,10,7
954,0,10,7
955,0,10,7
956,0,10,7
957,0,10,7
958,0,10,7
959,0,10,7
960,0,10,7
961,0,10,7
962,0,10,7
963,0,10,7
964,0,10,7
965,0,10,7
966,0,10,7
967,0,10,7
968,0,10,7
969,0,10,7
970,0,10,7
971,0,10,7
972,0,10,7
973,0,10,7
974,0,10,7
975,0,10,7
976,0,10,7
977,0,10,7
978,0,10,7
979,0,10,7
980,0,10,7
981,0,10,7
982,0,10,7
983,0,10,7
984,0,10,7
985,0,10,7
986,0,10,7
987,0,10,7
988,0,10,7
989,0,10,7
990,0,10,7
991,0,10,7
992,0,10,6
993,0,10,6
994,0,10,6
995,0,10,6
996,0,10,6
997,0,10,6
998,0,10,6
999,0,10,6
1000,0,10,6
1001,0,10,6
1002,0,10,6
1003,0,10,6
1004,0,10,6
1005,0,10,6
1006,0,10,6
1007,0,10,6
1008,0,10,6
1009,0,10,6
1010,0,10,6
1011,0,10,6
1012,0,10,6
1013,0,10,6
1014,0,10,6
1015,0,10,6
1016,0,10,6
1017,0,10,6
1018,0,10,6
1019,0,10,6
1020,0,10,6
1021,0,10,6
1022,0,10,6
1023,0,10,6
1024,0,10,6
1025,0,10,6
1026,0,10,6
1027,0,10,6
1028,0,10,6
1029,0,10,6
1030,0,10,6
1031,0,10,6
1032,0,10,6
1033,0,10,6
1034,0,10,6
1035,0,10,6
1036,0,10,6
1037,0,10,6
1038,0,10,6
1039,0,10,6
1040,0,10,6
1041,0,10,6
1042,0,10,6
1043,0,10,6
1044,0,10,6
1045,0,10,6
1046,0,10,6
1047,0,10,6
1048,0,10,6
1049,0,10,6
1050,0,10,6
1051,0,10,6
1052,0,10,6
1053,0,10,6
1054,0,10,6
1055,0,10,6
1056,0,10,6
1057,0,10,6
1058,0,10,6
1059,0,10,6
1060,0,10,6
1061,0,10,6
1062,0,10,6
1063,0,10,6
1064,0,10,6
1065,0,10,6
1066,0,10,6
1067,0,10,6
1068,0,10,6
1069,0,10,6
1070,0,10,6
1071,0,10,6
1072,0,10,6
1073,0,10,6
1074,0,10,6
1075,0,10,6
1076,0,10,6
1077,0,10,6
1078,0,10,6
1079,0,10,6
1080,0,10,6
1081,0,10,6
1082,0,10,6
1083,0,10,6
1084,0,10,6
1085,0,10,6
1086,0,10,6
1087,0,10,6
1088,0,10,6
1089,0,9,8
1090,0,9,8
1091,0,9,8
1092,0,9,8
1093,0,9,8
1094,0,9,8
1095,0,9,8
1096,0,9,8
1097,0,9,8
1098,0,9,8
1099,0,9,8
1100,0,9,8
1101,0,9,8
1102,0,9,8
1103,0,9,8
1104,0,9,8
1105,0,9,8
1106,0,9,8
1107,0,9,8
1108,0,9,8
1109,0,9,8
1110,0,9,8
1111,0,9,8
1112,0,9,8
1113,0,9,8
1114,0,9,8
1115,0,9,8
1116,0,9,8
1117,0,9,8
1118,0,9,8
1119,0,9,8
1120,0,9,8
1121,0,9,8
1122,0,9,8
1123,0,9,8
1124,0,9,8
1125,0,9,8
1126,0,9,8
1127,0,9,8
1128,0,9,8
1129,0,9,8
1130,0,9,8
1131,0,9,8
1132,0,9,8
1133,0,9,8
1134,0,9,8
1135,0,9,8
1136,0,9,8
1137,0,9,8
1138,0,9,8
1139,0,9,8
1140,0,9,8
1141,0,9,8
1142,0,9,8
1143,0,9,8
1144,0,9,8
1145,0,9,8
1146,0,9,8
1147,0,9,8
1148,0,9,7
1149,0,9,7
1150,0,9,7
1151,0,9,7
1152,0,9,7
1153,0,9,7
1154,0,9,7
1155,0,9,7
1156,0,9,7
1157,0,9,7
1158,0,9,7
1159,0,9,7
1160,0,9,7
1161,0,9,7
1162,0,9,7
1163,0,9,7
1164,0,9,7
1165,0,9,7
1166,0,9,7
1167,0,9,7
1168,0,9,7
1169,0,9,7
1170,0,9,7
1171,0,9,7
1172,0,9,7
1173,0,9,7
1174,0,9,7
1175,0,9,7
1176,0,9,7
1177,0,9,7
1178,0,9,7
1179,0,9,7
1180,0,9,7
1181,0,9,7
1182,0,9,7
1183,0,9,7
1184,0,9,7
1185,0,9,7
1186,0,9,7
1187,0,9,7
1188,0,9,7
1189,0,9,7
1190,0,9,7
1191,0,9,7
1192,0,9,7
1193,0,9,7
1194,0,9,7
1195,0,9,7
1196,0,9,7
1197,0,9,7
1198,0,9,7
1199,0,9,7
1200,0,9,7
1201,0,9,7
1202,0,9,7
1203,0,9,7
1204,0,9,7
1205,0,9,7
1206,0,9,7
1207,0,9,7
1208,0,9,7
1209,0,9,7
1210,0,9,7
1211,0,9,7
1212,0,9,7
1213,0,9,7
1214,0,9,7
1215,0,9,7
1216,0,9,7
1217,0,9,7
1218,0,9,7
1219,0,9,7
1220,0,9,7
1221,0,9,7
1222,0,9,7
1223,0,9,7
1224,0,9,7
1225,0,9,7
1226,0,9,7
1227,0,9,7
1228,0,9,7
1229,0,9,7
1230,0,9,7
1231,0,9,7
1232,0,9,7
1233,0,9,7
1234,0,9,7
1235,0,9,7
1236,0,9,7
1237,0,9,7
1238,0,9,7
1239,0,9,7
1240,0,9,7
1241,0,9,7
1242,0,9,7
1243,0,9,7
1244,0,9,7
1245,0,9,7
1246,0,9,7
1247,0,9,7
1248,0,9,7
1249,0,9,7
1250,0,9,7
1251,0,9,7
1252,0,9,7
1253,0,9,7
1254,0,9,7
1255,0,8,9
1256,0,8,9
1257,0,8,9
1258,0,8,9
1259,0,8,9
1260,0,8,9
1261,0,8,9
1262,0,8,9
1263,0,8,9
1264,0,8,9
1265,0,8,9
1266,0,8,9
1267,0,8,9
1268,0,8,9
1269,0,8,9
1270,0,8,9
1271,0,8,9
1272,0,8,9
1273,0,8,9
1274,0,8,9
1275,0,8,9
1276,0,8,9
1277,0,8,9
1278,0,8,9
1279,0,8,9
1280,0,8,9
1281,0,8,9
1282,0,8,9
1283,0,8,9
1284,0,8,9
1285,0,8,9
1286,0,8,9
1287,0,8,9
1288,0,8,9
1289,0,8,9
1290,0,8,9
1291,0,8,9
1292,0,8,9
1293,0,8,9
1294,0,8,9
1295,0,8,9
1296,0,8,9
1297,0,8,9
1298,0,8,9
1299,0,8,9
1300,0,8,9
1301,0,8,9
1302,0,8,9
1303,0,8,9
1304,0,8,9
1305,0,8,9
1306,0,8,8
1307,0,8,8
1308,0,8,8
1309,0,8,8
1310,0,8,8
1311,0,8,8
1312,0,8,8
1313,0,8,8
1314,0,8,8
1315,0,8,8
1316,0,8,8
1317,0,8,8
1318,0,8,8
1319,0,8,8
1320,0,8,8
1321,0,8,8
1322,0,8,8
1323,0,8,8
1324,0,8,8
1325,0,8,8
1326,0,8,8
1327,0,8,8
1328,0,8,8
1329,0,8,8
1330,0,8,8
1331,0,8,8
1332,0,8,8
1333,0,8,8
1334,0,8,8
1335,0,8,8
1336,0,8,8
1337,0,8,8
1338,0,8,8
1339,0,8,8
1340,0,8,8
1341,0,8,8
1342,0,8,8
1343,0,8,8
1344,0,8,8
1345,0,8,8
1346,0,8,8
1347,0,8,8
1348,0,8,8
1349,0,8,8
1350,0,8,8
1351,0,8,8
1352,0,8,8
1353,0,8,8
1354,0,8,8
1355,0,8,8
1356,0,8,8
1357,0,8,8
1358,0,8,8
1359,0,8,8
1360,0,8,8
1361,0,8,8
1362,0,8,8
1363,0,8,8
1364,0,8,8
1365,0,8,8
1366,0,8,8
1367,0,8,8
1368,0,8,8
1369,0,8,8
1370,0,8,8
1371,0,8,8
1372,0,8,8
1373,0,8,8
1374,0,8,8
1375,0,8,8
1376,0,8,8
1377,0,8,8
1378,0,8,8
1379,0,8,8
1380,0,8,8
1381,0,8,8
1382,0,8,8
1383,0,8,8
1384,0,8,8
1385,0,8,8
1386,0,8,8
1387,0,8,8
1388,0,8,8
1389,0,8,8
1390,0,8,8
1391,0,8,8
1392,0,8,8
1393,0,8,8
1394,0,8,8
1395,0,8,8
1396,0,8,8
1397,0,8,8
1398,0,8,8
1399,0,8,8
1400,0,8,8
1401,0,8,8
1402,0,8,8
1403,0,8,8
1404,0,8,8
1405,0,8,8
1406,0,8,8
1407,0,8,8
1408,0,8,8
1409,0,8,8
1410,0,8,8
1411,0,8,8
1412,0,8,8
1413,0,8,8
1414,0,8,8
1415,0,8,8
1416,0,8,8
1417,0,8,8
1418,0,8,8
1419,0,8,7
1420,0,8,7
1421,0,8,7
1422,0,8,7
1423,0,8,7
1424,0,8,7
1425,0,8,7
1426,0,8,7
1427,0,8,7
1428,0,8,7
1429,0,8,7
1430,0,8,7
1431,0,8,7
1432,0,8,7
1433,0,8,7
1434,0,8,7
1435,0,8,7
1436,0,8,7
1437,0,8,7
1438,0,8,7
1439,0,8,7
1440,0,8,7
1441,0,8,7
1442,0,8,7
1443,0,8,7
1444,0,8,7
1445,0,8,7
1446,0,8,7
1447,0,8,7
1448,0,8,7
1449,0,8,7
1450,0,8,7
1451,0,8,7
1452,0,8,7
1453,0,8,7
1454,0,8,7
1455,0,8,7
1456,0,8,7
1457,0,8,7
1458,0,8,7
1459,0,8,7
1460,0,8,7
1461,0,8,7
1462,0,8,7
1463,0,8,7
1464,0,8,7
1465,0,8,7
1466,0,8,7
1467,0,8,7
1468,0,8,7
1469,0,8,7
1470,0,8,7
1471,0,8,7
1472,0,8,7
1473,0,8,7
1474,0,8,7
1475,0,8,7
1476,0,8,7
1477,0,8,7
1478,0,8,7
1479,0,8,7
1480,0,8,7
1481,0,8,7
1482,0,8,7
1483,0,8,7
1484,0,8,7
1485,0,8,7
1486,0,8,7
1487,0,8,7
1488,0,8,7
1489,0,8,7
1490,0,8,7
1491,0,8,7
1492,0,8,7
1493,0,8,7
1494,0,8,7
1495,0,8,7
1496,0,8,7
1497,0,8,7
1498,0,8,7
1499,0,8,7
1500,0,8,7
1501,0,8,7
1502,0,8,7
1503,0,8,7
1504,0,8,7
1505,0,8,7
1506,0,8,7
1507,0,8,7
1508,0,8,7
1509,0,8,7
1510,0,8,7
1511,0,8,7
1512,0,8,7
1513,0,8,7
1514,0,8,7
1515,0,8,7
1516,0,8,7
1517,0,8,7
1518,0,8,7
1519,0,8,7
1520,0,8,7
1521,0,8,7
1522,0,8,7
1523,0,8,7
1524,0,8,7
1525,0,8,7
1526,0,8,7
1527,0,8,7
1528,0,8,7
1529,0,8,7
1530,0,8,7
1531,0,8,7
1532,0,8,7
1533,0,8,7
1534,0,8,7
1535,0,7,9
1536,0,7,9
1537,0,7,9
1538,0,7,9
1539,0,7,9
1540,0,7,9
1541,0,7,9
1542,0,7,9
1543,0,7,9
1544,0,7,9
1545,0,7,9
1546,0,7,9
1547,0,7,9
1548,0,7,9
1549,0,7,9
1550,0,7,9
1551,0,7,9
1552,0,7,9
1553,0,7,9
1554,0,7,9
1555,0,7,9
1556,0,7,9
1557,0,7,9
1558,0,7,9
1559,0,7,9
1560,0,7,9
1561,0,7,9
1562,0,7,9
1563,0,7,9
1564,0,7,9
1565,0,7,9
1566,0,7,9
1567,0,7,9
1568,0,7,9
1569,0,7,9
1570,0,7,9
1571,0,7,9
1572,0,7,9
1573,0,7,9
1574,0,7,8
1575,0,7,8
1576,0,7,8
1577,0,7,8
1578,0,7,8
1579,0,7,8
1580,0,7,8
1581,0,7,8
1582,0,7,8
1583,0,7,8
1584,0,7,8
1585,0,7,8
1586,0,7,8
1587,0,7,8
1588,0,7,8
1589,0,7,8
1590,0,7,8
1591,0,7,8
1592,0,7,8
1593,0,7,8
1594,0,7,8
1595,0,7,8
1596,0,7,8
1597,0,7,8
1598,0,7,8
1599,0,7,8
1600,0,7,8
1601,0,7,8
1602,0,7,8
1603,0,7,8
1604,0,7,8
1605,0,7,8
1606,0,7,8
1607,0,7,8
1608,0,7,8
1609,0,7,8
1610,0,7,8
1611,0,7,8
1612,0,7,8
1613,0,7,8
1614,0,7,8
1615,0,7,8
1616,0,7,8
1617,0,7,8
1618,0,7,8
1619,0,7,8
1620,0,7,8
1621,0,7,8
1622,0,7,8
1623,0,7,8
1624,0,7,8
1625,0,7,8
1626,0,7,8
1627,0,7,8
1628,0,7,8
1629,0,7,8
1630,0,7,8
1631,0,7,8
1632,0,7,8
1633,0,7,8
1634,0,7,8
1635,0,7,8
1636,0,7,8
1637,0,7,8
1638,0,7,8
1639,0,7,8
1640,0,7,8
1641,0,7,8
1642,0,7,8
1643,0,7,8
1644,0,7,8
1645,0,7,8
1646,0,7,8
1647,0,7,8
1648,0,7,8
1649,0,7,8
1650,0,7,8
1651,0,7,8
1652,0,7,8
1653,0,7,8
1654,0,7,8
1655,0,7,8
1656,0,7,8
1657,0,7,8
1658,0,7,8
1659,0,7,8
1660,0,7,8
1661,0,7,8
1662,0,7,8
1663,0,7,8
1664,0,7,8
1665,0,7,8
1666,0,7,8
1667,0,7,8
1668,0,7,8
1669,0,7,8
1670,0,7,8
1671,0,7,8
1672,0,7,8
1673,0,7,8
1674,0,7,8
1675,0,7,8
1676,0,7,8
1677,0,7,8
1678,0,7,8
1679,0,7,8
1680,0,7,8
1681,0,7,8
1682,0,7,8
1683,0,7,8
1684,0,7,8
1685,0,7,8
1686,0,7,8
1687,0,7,8
1688,0,7,8
1689,0,7,8
1690,0,7,8
1691,0,7,8
1692,0,7,8
1693,0,7,8
1694,0,7,8
1695,0,7,8
1696,0,7,8
1697,0,7,8
1698,0,7,8
1699,0,7,8
1700,0,7,8
1701,0,6,10
1702,0,6,10
1703,0,6,10
1704,0,6,10
1705,0,6,10
1706,0,6,10
1707,0,6,10
1708,0,6,10
1709,0,6,10
1710,0,6,10
1711,0,6,10
1712,0,6,10
1713,0,6,10
1714,0,6,10
1715,0,6,10
1716,0,6,10
1717,0,6,10
1718,0,6,10
1719,0,6,10
1720,0,6,9
1721,0,6,9
1722,0,6,9
1723,0,6,9
1724,0,6,9
1725,0,6,9
1726,0,6,9
1727,0,6,9
1728,0,6,9
1729,0,6,9
1730,0,6,9
1731,0,6,9
1732,0,6,9
1733,0,6,9
1734,0,6,9
1735,0,6,9
1736,0,6,9
1737,0,6,9
1738,0,6,9
1739,0,6,9
1740,0,6,9
1741,0,6,9
1742,0,6,9
1743,0,6,9
1744,0,6,9
1745,0,6,9
1746,0,6,9
1747,0,6,9
1748,0,6,9
1749,0,6,9
1750,0,6,9
1751,0,6,9
1752,0,6,9
1753,0,6,9
1754,0,6,9
1755,0,6,9
1756,0,6,9
1757,0,6,9
1758,0,6,9
1759,0,6,9
1760,0,6,9
1761,0,6,9
1762,0,6,9
1763,0,6,9
1764,0,6,9
1765,0,6,9
1766,0,6,9
1767,0,6,9
1768,0,6,9
1769,0,6,9
1770,0,6,9
1771,0,6,9
1772,0,6,9
1773,0,6,9
1774,0,6,9
1775,0,6,9
1776,0,6,9
1777,0,6,9
1778,0,6,9
1779,0,6,9
1780,0,6,9
1781,0,6,9
1782,0,6,9
1783,0,6,9
1784,0,6,9
1785,0,6,9
1786,0,6,9
1787,0,6,9
1788,0,6,9
1789,0,6,9
1790,0,6,9
1791,0,6,9
1792,0,6,9
1793,0,6,9
1794,0,6,9
1795,0,6,9
1796,0,6,9
1797,0,6,9
1798,0,6,9
1799,0,6,9
1800,0,6,9
1801,0,6,9
1802,0,6,9
1803,0,6,9
1804,0,6,9
1805,0,6,9
1806,0,6,9
1807,0,6,9
1808,0,6,9
1809,0,6,9
1810,0,6,9
1811,0,6,9
1812,0,6,9
1813,0,6,9
1814,0,6,9
1815,0,6,9
1816,0,6,9
1817,0,6,9
1818,0,6,9
1819,0,6,9
1820,0,6,9
1821,0,6,9
1822,0,6,9
1823,0,6,9
1824,0,6,9
1825,0,6,9
1826,0,6,9
1827,0,6,9
1828,0,6,9
1829,0,6,9
1830,0,6,9
1831,0,6,9
1832,0,6,9
1833,0,6,9
1834,0,6,9
1835,0,6,9
1836,0,6,9
1837,0,6,9
1838,0,6,9
1839,0,6,9
1840,0,6,9
1841,0,6,9
1842,0,6,9
1843,0,6,9
1844,0,6,9
1845,0,6,9
1846,0,6,9
1847,0,6,9
1848,0,6,9
1849,0,6,9
1850,0,6,9
1851,0,6,8
1852,0,6,8
1853,0,6,8
1854,0,6,8
1855,0,6,8
1856,0,6,8
1857,0,6,8
1858,0,6,8
1859,0,6,8
1860,0,6,8
1861,0,6,8
1862,0,6,8
1863,0,6,8
1864,0,6,8
1865,0,6,8
1866,0,6,8
1867,0,6,8
1868,0,6,8
1869,0,6,8
1870,0,6,8
1871,0,6,8
1872,0,6,8
1873,0,6,8
1874,0,6,8
1875,0,6,8
1876,0,6,8
1877,0,6,8
1878,0,6,8
1879,0,6,8
1880,0,6,8
1881,0,6,8
1882,0,6,8
1883,0,6,8
1884,0,6,8
1885,0,6,8
1886,0,6,8
1887,0,6,8
1888,0,6,8
1889,0,6,8
1890,0,6,8
1891,0,6,8
1892,0,6,8
1893,0,6,8
1894,0,6,8
1895,0,6,8
1896,0,6,8
1897,0,6,8
1898,0,6,8
1899,0,6,8
1900,0,6,8
1901,0,6,8
1902,0,6,8
1903,0,6,8
1904,0,6,8
1905,0,6,8
1906,0,6,8
1907,0,6,8
1908,0,6,8
1909,0,6,8
1910,0,6,8
1911,0,6,8
1912,0,6,8
1913,0,6,8
1914,0,6,8
1915,0,6,8
1916,0,6,8
1917,0,6,8
1918,0,6,8
1919,0,6,8
1920,0,6,8
1921,0,6,8
1922,0,6,8
1923,0,6,8
1924,0,6,8
1925,0,6,8
1926,0,6,8
1927,0,6,8
1928,0,6,8
1929,0,6,8
1930,0,6,8
1931,0,6,8
1932,0,6,8
1933,0,6,8
1934,0,6,8
1935,0,6,8
1936,0,6,8
1937,0,6,8
1938,0,6,8
1939,0,6,8
1940,0,6,8
1941,0,6,8
1942,0,6,8
1943,0,6,8
1944,0,6,8
1945,0,6,8
1946,0,6,8
1947,0,6,8
1948,0,6,8
1949,0,6,8
1950,0,6,8
1951,0,6,8
1952,0,6,8
1953,0,6,8
1954,0,6,8
1955,0,6,8
1956,0,6,8
1957,0,6,8
1958,0,6,8
1959,0,6,8
1960,0,6,8
1961,0,6,8
1962,0,6,8
1963,0,6,8
1964,0,6,8
1965,0,6,8
1966,0,6,8
1967,0,6,8
1968,0,6,8
1969,0,6,8
1970,0,6,8
1971,0,6,8
1972,0,6,8
1973,0,6,8
1974,0,6,8
1975,0,6,8
1976,0,6,8
1977,0,6,8
1978,0,6,8
1979,0,6,8
1980,0,6,8
1981,0,6,8
1982,0,6,8
1983,0,6,8
1984,0,6,7
1985,0,6,7
1986,0,6,7
1987,0,6,7
1988,0,6,7
1989,0,6,7
1990,0,6,7
1991,0,6,7
1992,0,6,7
1993,0,6,7
1994,0,6,7
1995,0,6,7
1996,0,6,7
1997,0,6,7
1998,0,6,7
1999,0,6,7
2000,0,6,7
2001,0,6,7
2002,0,6,7
2003,0,6,7
2004,0,6,7
2005,0,6,7
2006,0,6,7
2007,0,6,7
2008,0,6,7
2009,0,6,7
2010,0,6,7
2011,0,6,7
2012,0,6,7
2013,0,6,7
2014,0,6,7
2015,0,6,7
2016,0,6,7
2017,0,6,7
2018,0,6,7
2019,0,6,7
2020,0,6,7
2021,0,6,7
2022,0,6,7
2023,0,6,7
2024,0,6,7
2025,0,6,7
2026,0,6,7
2027,0,6,7
2028,0,6,7
2029,0,6,7
2030,0,6,7
2031,0,6,7
2032,0,6,7
2033,0,6,7
2034,0,6,7
2035,0,6,7
2036,0,6,7
2037,0,6,7
2038,0,6,7
2039,0,6,7
2040,0,6,7
2041,0,6,7
2042,0,6,7
2043,0,6,7
2044,0,6,7
2045,0,6,7
2046,0,6,7
2047,0,6,7
2048,0,6,7
2049,0,6,7
2050,0,6,7
2051,0,6,7
2052,0,6,7
2053,0,6,7
2054,0,6,7
2055,0,6,7
2056,0,6,7
2057,0,6,7
2058,0,6,7
2059,0,6,7
2060,0,6,7
2061,0,6,7
2062,0,6,7
2063,0,6,7
2064,0,6,7
2065,0,6,7
2066,0,6,7
2067,0,6,7
2068,0,6,7
2069,0,6,7
2070,0,6,7
2071,0,6,7
2072,0,6,7
2073,0,6,7
2074,0,6,7
2075,0,6,7
2076,0,6,7
2077,0,6,7
2078,0,6,7
2079,0,6,7
2080,0,6,7
2081,0,6,7
2082,0,6,7
2083,0,6,7
2084,0,6,7
2085,0,6,7
2086,0,6,7
2087,0,6,7
2088,0,6,7
2089,0,6,7
2090,0,6,7
2091,0,6,7
2092,0,6,7
2093,0,6,7
2094,0,6,7
2095,0,6,7
2096,0,6,7
2097,0,6,7
2098,0,6,7
2099,0,6,7
2100,0,6,7
2101,0,6,7
2102,0,6,7
2103,0,6,7
2104,0,6,7
2105,0,6,7
2106,0,6,7
2107,0,6,7
2108,0,6,7
2109,0,6,7
2110,0,6,7
2111,0,6,7
2112,0,6,7
2113,0,6,7
2114,0,6,7
2115,0,6,7
2116,0,6,7
2117,0,6,6
2118,0,6,6
2119,0,6,6
2120,0,6,6
2121,0,6,6
2122,0,6,6
2123,0,6,6
2124,0,6,6
2125,0,6,6
2126,0,6,6
2127,0,6,6
2128,0,6,6
2129,0,6,6
2130,0,6,6
2131,0,6,6
2132,0,6,6
2133,0,6,6
2134,0,6,6
2135,0,6,6
2136,0,6,6
2137,0,6,6
2138,0,6,6
2139,0,6,6
2140,0,6,6
2141,0,6,6
2142,0,6,6
2143,0,6,6
2144,0,6,6
2145,0,6,6
2146,0,6,6
2147,0,6,6
2148,0,6,6
2149,0,6,6
2150,0,6,6
2151,0,6,6
2152,0,6,6
2153,0,6,6
2154,0,6,6
2155,0,6,6
2156,0,6,6
2157,0,6,6
2158,0,6,6
2159,0,6,6
2160,0,6,6
2161,0,6,6
2162,0,6,6
2163,0,6,6
2164,0,6,6
2165,0,6,6
2166,0,6,6
2167,0,6,6
2168,0,6,6
2169,0,6,6
2170,0,6,6
2171,0,6,6
2172,0,6,6
2173,0,6,6
2174,0,6,6
2175,0,6,6
2176,0,6,6
2177,0,6,6
2178,0,6,6
2179,0,6,6
2180,0,6,6
2181,0,6,6
2182,0,6,6
2183,0,6,6
2184,0,6,6
2185,0,6,6
2186,0,6,6
2187,0,6,6
2188,0,6,6
2189,0,6,6
2190,0,6,6
2191,0,6,6
2192,0,6,6
2193,0,6,6
2194,0,6,6
2195,0,6,6
2196,0,6,6
2197,0,6,6
2198,0,6,6
2199,0,6,6
2200,0,6,6
2201,0,6,6
2202,0,6,6
2203,0,6,6
2204,0,6,6
2205,0,6,6
2206,0,6,6
2207,0,6,6
2208,0,6,6
2209,0,6,6
2210,0,6,6
2211,0,6,6
2212,0,6,6
2213,0,6,6
2214,0,6,6
2215,0,6,6
2216,0,6,6
2217,0,6,6
2218,0,6,6
2219,0,6,6
2220,0,6,6
2221,0,6,6
2222,0,6,6
2223,0,6,6
2224,0,6,6
2225,0,6,6
2226,0,6,6
2227,0,6,6
2228,0,6,6
2229,0,6,6
2230,0,6,6
2231,0,6,6
2232,0,6,6
2233,0,6,6
2234,0,6,6
2235,0,6,6
2236,0,6,6
2237,0,6,6
2238,0,6,6
2239,0,6,6
2240,0,6,6
2241,0,6,6
2242,0,6,6
2243,0,6,6
2244,0,6,6
2245,0,6,6
2246,0,6,6
2247,0,6,6
2248,0,6,6
2249,0,6,6
2250,0,6,6
2251,0,6,6
2252,0,5,8
2253,0,5,8
2254,0,5,8
2255,0,5,8
2256,0,5,8
2257,0,5,8
2258,0,5,8
2259,0,5,8
2260,0,5,8
2261,0,5,8
2262,0,5,8
2263,0,5,8
2264,0,5,8
2265,0,5,8
2266,0,5,8
2267,0,5,8
2268,0,5,8
2269,0,5,8
2270,0,5,8
2271,0,5,8
2272,0,5,8
2273,0,5,8
2274,0,5,8
2275,0,5,8
2276,0,5,8
2277,0,5,8
2278,0,5,8
2279,0,5,8
2280,0,5,8
2281,0,5,8
2282,0,5,8
2283,0,5,8
2284,0,5,8
2285,0,5,8
2286,0,5,8
2287,0,5,8
2288,0,5,8
2289,0,5,8
2290,0,5,8
2291,0,5,7
2292,0,5,7
2293,0,5,7
2294,0,5,7
2295,0,5,7
2296,0,5,7
2297,0,5,7
2298,0,5,7
2299,0,5,7
2300,0,5,7
2301,0,5,7
2302,0,5,7
2303,0,5,7
2304,0,5,7
2305,0,5,7
2306,0,5,7
2307,0,5,7
2308,0,5,7
2309,0,5,7
2310,0,5,7
2311,0,5,7
2312,0,5,7
2313,0,5,7
2314,0,5,7
2315,0,5,7
2316,0,5,7
2317,0,5,7
2318,0,5,7
2319,0,5,7
2320,0,5,7
2321,0,5,7
2322,0,5,7
2323,0,5,7
2324,0,5,7
2325,0,5,7
2326,0,5,7
2327,0,5,7
2328,0,5,7
2329,0,5,7
2330,0,5,7
2331,0,5,7
2332,0,5,7
2333,0,5,7
2334,0,5,7
2335,0,5,7
2336,0,5,7
2337,0,5,7
2338,0,5,7
2339,0,5,7
2340,0,5,7
2341,0,5,7
2342,0,5,7
2343,0,5,7
2344,0,5,7
2345,0,5,7
2346,0,5,7
2347,0,5,7
2348,0,5,7
2349,0,5,7
2350,0,5,7
2351,0,5,7
2352,0,5,7
2353,0,5,7
2354,0,5,7
2355,0,5,7
2356,0,5,7
2357,0,5,7
2358,0,5,7
2359,0,5,7
2360,0,5,7
2361,0,5,7
2362,0,5,7
2363,0,5,7
2364,0,5,7
2365,0,5,7
2366,0,5,7
2367,0,5,7
2368,0,5,7
2369,0,5,7
2370,0,5,7
2371,0,5,7
2372,0,5,7
2373,0,5,7
2374,0,5,7
2375,0,5,7
2376,0,5,7
2377,0,5,7
2378,0,5,7
2379,0,5,7
2380,0,5,7
2381,0,5,7
2382,0,5,7
2383,0,5,7
2384,0,5,7
2385,0,5,7
2386,0,5,7
2387,0,5,7
2388,0,5,7
2389,0,5,7
2390,0,5,7
2391,0,5,7
2392,0,5,7
2393,0,5,7
2394,0,5,7
2395,0,5,7
2396,0,5,7
2397,0,5,7
2398,0,5,7
2399,0,5,7
2400,0,5,7
2401,0,5,7
2402,0,5,7
2403,0,5,7
2404,0,5,7
2405,0,5,7
2406,0,5,7
2407,0,5,7
2408,0,5,7
2409,0,5,7
2410,0,5,7
2411,0,5,7
2412,0,5,7
2413,0,5,7
2414,0,5,7
2415,0,5,7
2416,0,5,7
2417,0,5,7
2418,0,5,7
2419,0,5,7
2420,0,5,7
2421,0,5,7
2422,0,5,7
2423,0,5,7
2424,0,5,7
2425,0,5,7
2426,0,5,7
2427,0,5,7
2428,0,5,6
2429,0,5,6
2430,0,5,6
2431,0,5,6
2432,0,5,6
2433,0,5,6
2434,0,5,6
2435,0,5,6
2436,0,5,6
2437,0,5,6
2438,0,5,6
2439,0,5,6
2440,0,5,6
2441,0,5,6
2442,0,5,6
2443,0,5,6
2444,0,5,6
2445,0,5,6
2446,0,5,6
2447,0,5,6
2448,0,5,6
2449,0,5,6
2450,0,5,6
2451,0,5,6
2452,0,5,6
2453,0,5,6
2454,0,5,6
2455,0,5,6
2456,0,5,6
2457,0,5,6
2458,0,5,6
2459,0,5,6
2460,0,5,6
2461,0,5,6
2462,0,5,6
2463,0,5,6
2464,0,5,6
2465,0,5,6
2466,0,5,6
2467,0,5,6
2468,0,5,6
2469,0,5,6
2470,0,5,6
2471,0,5,6
2472,0,5,6
2473,0,5,6
2474,0,5,6
2475,0,5,6
2476,0,5,6
2477,0,5,6
2478,0,5,6
2479,0,5,6
2480,0,5,6
2481,0,5,6
2482,0,5,6
2483,0,5,6
2484,0,5,6
2485,0,5,6
2486,0,5,6
2487,0,5,6
2488,0,5,6
2489,0,5,6
2490,0,5,6
2491,0,5,6
2492,0,5,6
2493,0,5,6
2494,0,5,6
2495,0,5,6
2496,0,5,6
2497,0,5,6
2498,0,5,6
2499,0,5,6
2500,0,5,6
2501,0,5,6
2502,0,5,6
2503,0,5,6
2504,0,5,6
2505,0,5,6
2506,0,5,6
2507,0,5,6
2508,0,5,6
2509,0,5,6
2510,0,5,6
2511,0,5,6
2512,0,5,6
2513,0,5,6
2514,0,5,6
2515,0,5,6
2516,0,5,6
2517,0,5,6
2518,0,5,6
2519,0,5,6
2520,0,5,6
2521,0,5,6
2522,0,5,6
2523,0,5,6
2524,0,5,6
2525,0,5,6
2526,0,5,6
2527,0,5,6
2528,0,5,6
2529,0,5,6
2530,0,5,6
2531,0,5,6
2532,0,5,6
2533,0,5,6
2534,0,5,6
2535,0,5,6
2536,0,5,6
2537,0,5,6
2538,0,5,6
2539,0,5,6
2540,0,5,6
2541,0,5,6
2542,0,5,6
2543,0,5,6
2544,0,5,6
2545,0,5,6
2546,0,5,6
2547,0,5,6
2548,0,5,6
2549,0,5,6
2550,0,5,6
2551,0,5,6
2552,0,5,6
2553,0,5,6
2554,0,5,6
2555,0,5,6
2556,0,5,6
2557,0,5,6
2558,0,5,6
2559,0,5,6
2560,0,5,6
2561,0,5,6
2562,0,5,6
2563,0,5,6
2564,0,5,6
2565,0,5,6
2566,0,5,6
2567,0,5,6
2568,0,5,5
2569,0,5,5
2570,0,5,5
2571,0,5,5
2572,0,5,5
2573,0,5,5
2574,0,5,5
2575,0,5,5
2576,0,5,5
2577,0,5,5
2578,0,5,5
2579,0,5,5
2580,0,5,5
2581,0,5,5
2582,0,5,5
2583,0,5,5
2584,0,5,5
2585,0,5,5
2586,0,5,5
2587,0,5,5
2588,0,5,5
2589,0,5,5
2590,0,5,5
2591,0,5,5
2592,0,5,5
2593,0,5,5
2594,0,5,5
2595,0,5,5
2596,0,5,5
2597,0,5,5
2598,0,5,5
2599,0,5,5
2600,0,5,5
2601,0,5,5
2602,0,5,5
2603,0,5,5
2604,0,5,5
2605,0,5,5
2606,0,5,5
2607,0,5,5
2608,0,5,5
2609,0,5,5
2610,0,5,5
2611,0,5,5
2612,0,5,5
2613,0,5,5
2614,0,5,5
2615,0,5,5
2616,0,5,5
2617,0,5,5
2618,0,5,5
2619,0,5,5
2620,0,5,5
2621,0,5,5
2622,0,5,5
2623,0,5,5
2624,0,5,5
2625,0,5,5
2626,0,5,5
2627,0,5,5
2628,0,5,5
2629,0,5,5
2630,0,5,5
2631,0,5,5
2632,0,5,5
2633,0,5,5
2634,0,5,5
2635,0,5,5
2636,0,5,5
2637,0,5,5
2638,0,5,5
2639,0,5,5
2640,0,5,5
2641,0,5,5
2642,0,5,5
2643,0,5,5
2644,0,5,5
2645,0,5,5
2646,0,5,5
2647,0,5,5
2648,0,5,5
2649,0,5,5
2650,0,5,5
2651,0,5,5
2652,0,5,5
2653,0,5,5
2654,0,5,5
2655,0,5,5
2656,0,5,5
2657,0,5,5
2658,0,5,5
2659,0,5,5
2660,0,5,5
2661,0,5,5
2662,0,5,5
2663,0,5,5
2664,0,5,5
2665,0,5,5
2666,0,5,5
2667,0,5,5
2668,0,5,5
2669,0,5,5
2670,0,5,5
2671,0,5,5
2672,0,5,5
2673,0,5,5
2674,0,5,5
2675,0,5,5
2676,0,5,5
2677,0,5,5
2678,0,5,5
2679,0,5,5
2680,0,5,5
2681,0,5,5
2682,0,5,5
2683,0,5,5
2684,0,5,5
2685,0,5,5
2686,0,5,5
2687,0,5,5
2688,0,5,5
2689,0,5,5
2690,0,5,5
2691,0,5,5
2692,0,5,5
2693,0,5,5
2694,0,5,5
2695,0,5,5
2696,0,5,5
2697,0,5,5
2698,0,5,5
2699,0,5,5
2700,0,5,5
2701,0,5,5
2702,0,5,5
2703,0,5,5
2704,0,5,5
2705,0,5,5
2706,0,5,5
2707,0,5,5
2708,0,5,5
2709,0,5,4
2710,0,5,4
2711,0,5,4
2712,0,5,4
2713,0,5,4
2714,0,5,4
2715,0,5,4
2716,0,5,4
2717,0,5,4
2718,0,5,4
2719,0,5,4
2720,0,5,4
2721,0,5,4
2722,0,5,4
2723,0,5,4
2724,0,5,4
2725,0,5,4
2726,0,5,4
2727,0,5,4
2728,0,5,4
2729,0,5,4
2730,0,5,4
2731,0,5,4
2732,0,5,4
2733,0,5,4
2734,0,5,4
2735,0,5,4
2736,0,5,4
2737,0,5,4
2738,0,5,4
2739,0,5,4
2740,0,5,4
2741,0,5,4
2742,0,5,4
2743,0,5,4
2744,0,5,4
2745,0,5,4
2746,0,5,4
2747,0,5,4
2748,0,5,4
2749,0,5,4
2750,0,5,4
2751,0,5,4
2752,0,5,4
2753,0,5,4
2754,0,5,4
2755,0,5,4
2756,0,5,4
2757,0,5,4
2758,0,5,4
2759,0,5,4
2760,0,5,4
2761,0,5,4
2762,0,5,4
2763,0,5,4
2764,0,5,4
2765,0,5,4
2766,0,5,4
2767,0,5,4
2768,0,5,4
2769,0,5,4
2770,0,5,4
2771,0,5,4
2772,0,5,4
2773,0,5,4
2774,0,5,4
2775,0,5,4
2776,0,5,4
2777,0,5,4
2778,0,5,4
2779,0,5,4
2780,0,5,4
2781,0,5,4
2782,0,5,4
2783,0,5,4
2784,0,5,4
2785,0,5,4
2786,0,5,4
2787,0,5,4
2788,0,5,4
2789,0,5,4
2790,0,5,4
2791,0,5,4
2792,0,5,4
2793,0,5,4
2794,0,5,4
2795,0,5,4
2796,0,5,4
2797,0,5,4
2798,0,5,4
2799,0,5,4
2800,0,5,4
2801,0,5,4
2802,0,5,4
2803,0,5,4
2804,0,5,4
2805,0,5,4
2806,0,5,4
2807,0,5,4
2808,0,5,4
2809,0,5,4
2810,0,5,4
2811,0,5,4
2812,0,5,4
2813,0,5,4
2814,0,5,4
2815,0,5,4
2816,0,5,4
2817,0,5,4
2818,0,5,4
2819,0,5,4
2820,0,5,4
2821,0,5,4
2822,0,5,4
2823,0,5,4
2824,0,5,4
2825,0,5,4
2826,0,5,4
2827,0,5,4
2828,0,5,4
2829,0,5,4
2830,0,5,4
2831,0,5,4
2832,0,5,4
2833,0,5,4
2834,0,5,4
2835,0,5,4
2836,0,5,4
2837,0,5,4
2838,0,5,4
2839,0,5,4
2840,0,5,4
2841,0,5,4
2842,0,5,4
2843,0,5,4
2844,0,5,4
2845,0,5,4
2846,0,5,4
2847,0,5,4
2848,0,5,4
2849,0,5,4
2850,0,5,4
2851,0,5,4
2852,0,5,4
2853,0,5,4
2854,0,5,4
2855,0,4,6
2856,0,4,6
2857,0,4,6
2858,0,4,6
2859,0,4,6
2860,0,4,6
2861,0,4,6
2862,0,4,6
2863,0,4,6
2864,0,4,6
2865,0,4,6
2866,0,4,6
2867,0,4,6
2868,0,4,6
2869,0,4,6
2870,0,4,6
2871,0,4,6
2872,0,4,6
2873,0,4,6
2874,0,4,6
2875,0,4,6
2876,0,4,6
2877,0,4,6
2878,0,4,6
2879,0,4,6
2880,0,4,6
2881,0,4,6
2882,0,4,5
2883,0,4,5
2884,0,4,5
2885,0,4,5
2886,0,4,5
2887,0,4,5
2888,0,4,5
2889,0,4,5
2890,0,4,5
2891,0,4,5
2892,0,4,5
2893,0,4,5
2894,0,4,5
2895,0,4,5
2896,0,4,5
2897,0,4,5
2898,0,4,5
2899,0,4,5
2900,0,4,5
2901,0,4,5
2902,0,4,5
2903,0,4,5
2904,0,4,5
2905,0,4,5
2906,0,4,5
2907,0,4,5
2908,0,4,5
2909,0,4,5
2910,0,4,5
2911,0,4,5
2912,0,4,5
2913,0,4,5
2914,0,4,5
2915,0,4,5
2916,0,4,5
2917,0,4,5
2918,0,4,5
2919,0,4,5
2920,0,4,5
2921,0,4,5
2922,0,4,5
2923,0,4,5
2924,0,4,5
2925,0,4,5
2926,0,4,5
2927,0,4,5
2928,0,4,5
2929,0,4,5
2930,0,4,5
2931,0,4,5
2932,0,4,5
2933,0,4,5
2934,0,4,5
2935,0,4,5
2936,0,4,5
2937,0,4,5
2938,0,4,5
2939,0,4,5
2940,0,4,5
2941,0,4,5
2942,0,4,5
2943,0,4,5
2944,0,4,5
2945,0,4,5
2946,0,4,5
2947,0,4,5
2948,0,4,5
2949,0,4,5
2950,0,4,5
2951,0,4,5
2952,0,4,5
2953,0,4,5
2954,0,4,5
2955,0,4,5
2956,0,4,5
2957,0,4,5
2958,0,4,5
2959,0,4,5
2960,0,4,5
2961,0,4,5
2962,0,4,5
2963,0,4,5
2964,0,4,5
2965,0,4,5
2966,0,4,5
2967,0,4,5
2968,0,4,5
2969,0,4,5
2970,0,4,5
2971,0,4,5
2972,0,4,5
2973,0,4,5
2974,0,4,5
2975,0,4,5
2976,0,4,5
2977,0,4,5
2978,0,4,5
2979,0,4,5
2980,0,4,5
2981,0,4,5
2982,0,4,5
2983,0,4,5
2984,0,4,5
2985,0,4,5
2986,0,4,5
2987,0,4,5
2988,0,4,5
2989,0,4,5
2990,0,4,5
2991,0,4,5
2992,0,4,5
2993,0,4,5
2994,0,4,5
2995,0,4,5
2996,0,4,5
2997,0,4,5
2998,0,4,5
2999,0,4,5
3000,0,4,5
3001,0,4,5
3002,0,4,5
3003,0,4,5
3004,0,4,5
3005,0,4,5
3006,0,4,5
3007,0,4,5
3008,0,4,5
3009,0,4,5
3010,0,4,5
3011,0,4,5
3012,0,4,5
3013,0,4,5
3014,0,4,5
3015,0,4,5
3016,0,4,5
3017,0,4,5
3018,0,4,5
3019,0,4,5
3020,0,4,5
3021,0,4,5
3022,0,4,5
3023,0,4,5
3024,0,4,5
3025,0,4,5
3026,0,4,5
3027,0,4,5
3028,0,3,7
3029,0,3,7
3030,0,3,7
3031,0,3,7
3032,0,3,7
3033,0,3,7
3034,0,3,7
3035,0,3,7
3036,0,3,7
3037,0,3,7
3038,0,3,7
3039,0,3,7
3040,0,3,7
3041,0,3,7
3042,0,3,7
3043,0,3,7
3044,0,3,7
3045,0,3,7
3046,0,3,7
3047,0,3,7
3048,0,3,7
3049,0,3,7
3050,0,3,7
3051,0,3,7
3052,0,3,7
3053,0,3,7
3054,0,3,7
3055,0,3,7
3056,0,3,7
3057,0,3,7
3058,0,3,7
3059,0,3,7
3060,0,3,7
3061,0,3,7
3062,0,3,6
3063,0,3,6
3064,0,3,6
3065,0,3,6
3066,0,3,6
3067,0,3,6
3068,0,3,6
3069,0,3,6
3070,0,3,6
3071,0,3,6
3072,0,3,6
3073,0,3,6
3074,0,3,6
3075,0,3,6
3076,0,3,6
3077,0,3,6
3078,0,3,6
3079,0,3,6
3080,0,3,6
3081,0,3,6
3082,0,3,6
3083,0,3,6
3084,0,3,6
3085,0,3,6
3086,0,3,6
3087,0,3,6
3088,0,3,6
3089,0,3,6
3090,0,3,6
3091,0,3,6
3092,0,3,6
3093,0,3,6
3094,0,3,6
3095,0,3,6
3096,0,3,6
3097,0,3,6
3098,0,3,6
3099,0,3,6
3100,0,3,6
3101,0,3,6
3102,0,3,6
3103,0,3,6
3104,0,3,6
3105,0,3,6
3106,0,3,6
3107,0,3,6
3108,0,3,6
3109,0,3,6
3110,0,3,6
3111,0,3,6
3112,0,3,6
3113,0,3,6
3114,0,3,6
3115,0,3,6
3116,0,3,6
3117,0,3,6
3118,0,3,6
3119,0,3,6
3120,0,3,6
3121,0,3,6
3122,0,3,6
3123,0,3,6
3124,0,3,6
3125,0,3,6
3126,0,3,6
3127,0,3,6
3128,0,3,6
3129,0,3,6
3130,0,3,6
3131,0,3,6
3132,0,3,6
3133,0,3,6
3134,0,3,6
3135,0,3,6
3136,0,3,6
3137,0,3,6
3138,0,3,6
3139,0,3,6
3140,0,3,6
3141,0,3,6
3142,0,3,6
3143,0,3,6
3144,0,3,6
3145,0,3,6
3146,0,3,6
3147,0,3,6
3148,0,3,6
3149,0,3,6
3150,0,3,6
3151,0,3,6
3152,0,3,6
3153,0,3,6
3154,0,3,6
3155,0,3,6
3156,0,3,6
3157,0,3,6
3158,0,3,6
3159,0,3,6
3160,0,3,6
3161,0,3,6
3162,0,3,6
3163,0,3,6
3164,0,3,6
3165,0,3,6
3166,0,3,6
3167,0,3,6
3168,0,3,6
3169,0,3,6
3170,0,3,6
3171,0,3,6
3172,0,3,6
3173,0,3,6
3174,0,3,6
3175,0,3,6
3176,0,3,6
3177,0,3,6
3178,0,3,6
3179,0,3,6
3180,0,3,6
3181,0,3,6
3182,0,3,6
3183,0,3,6
3184,0,3,6
3185,0,3,6
3186,0,3,6
3187,0,3,6
3188,0,3,6
3189,0,3,6
3190,0,3,6
3191,0,3,6
3192,0,3,6
3193,0,3,6
3194,0,3,6
3195,0,3,6
3196,0,3,6
3197,0,3,6
3198,0,3,6
3199,0,3,6
3200,0,3,6
3201,0,3,6
3202,0,3,6
3203,0,3,6
3204,0,3,6
3205,0,3,6
3206,0,3,6
3207,0,3,6
3208,0,3,6
3209,0,3,6
3210,0,3,6
3211,0,3,5
3212,0,3,5
3213,0,3,5
3214,0,3,5
3215,0,3,5
3216,0,3,5
3217,0,3,5
3218,0,3,5
3219,0,3,5
3220,0,3,5
3221,0,3,5
3222,0,3,5
3223,0,3,5
3224,0,3,5
3225,0,3,5
3226,0,3,5
3227,0,3,5
3228,0,3,5
3229,0,3,5
3230,0,3,5
3231,0,3,5
3232,0,3,5
3233,0,3,5
3234,0,3,5
3235,0,3,5
3236,0,3,5
3237,0,3,5
3238,0,3,5
3239,0,3,5
3240,0,3,5
3241,0,3,5
3242,0,3,5
3243,0,3,5
3244,0,3,5
3245,0,3,5
3246,0,3,5
3247,0,3,5
3248,0,3,5
3249,0,3,5
3250,0,3,5
3251,0,3,5
3252,0,3,5
3253,0,3,5
3254,0,3,5
3255,0,3,5
3256,0,3,5
3257,0,3,5
3258,0,3,5
3259,0,3,5
3260,0,3,5
3261,0,3,5
3262,0,3,5
3263,0,3,5
3264,0,3,5
3265,0,3,5
3266,0,3,5
3267,0,3,5
3268,0,3,5
3269,0,3,5
3270,0,3,5
3271,0,3,5
3272,0,3,5
3273,0,3,5
3274,0,3,5
3275,0,3,5
3276,0,3,5
3277,0,3,5
3278,0,3,5
3279,0,3,5
3280,0,3,5
3281,0,3,5
3282,0,3,5
3283,0,3,5
3284,0,3,5
3285,0,3,5
3286,0,3,5
3287,0,3,5
3288,0,3,5
3289,0,3,5
3290,0,3,5
3291,0,3,5
3292,0,3,5
3293,0,3,5
3294,0,3,5
3295,0,3,5
3296,0,3,5
3297,0,3,5
3298,0,3,5
3299,0,3,5
3300,0,3,5
3301,0,3,5
3302,0,3,5
3303,0,3,5
3304,0,3,5
3305,0,3,5
3306,0,3,5
3307,0,3,5
3308,0,3,5
3309,0,3,5
3310,0,3,5
3311,0,3,5
3312,0,3,5
3313,0,3,5
3314,0,3,5
3315,0,3,5
3316,0,3,5
3317,0,3,5
3318,0,3,5
3319,0,3,5
3320,0,3,5
3321,0,3,5
3322,0,3,5
3323,0,3,5
3324,0,3,5
3325,0,3,5
3326,0,3,5
3327,0,3,5
3328,0,3,5
3329,0,3,5
3330,0,3,5
3331,0,3,5
3332,0,3,5
3333,0,3,5
3334,0,3,5
3335,0,3,5
3336,0,3,5
3337,0,3,5
3338,0,3,5
3339,0,3,5
3340,0,3,5
3341,0,3,5
3342,0,3,5
3343,0,3,5
3344,0,3,5
3345,0,3,5
3346,0,3,5
3347,0,3,5
3348,0,3,5
3349,0,3,5
3350,0,3,5
3351,0,3,5
3352,0,3,5
3353,0,3,5
3354,0,3,5
3355,0,3,5
3356,0,3,5
3357,0,3,5
3358,0,3,5
3359,0,3,5
3360,0,3,5
3361,0,3,5
3362,0,3,5
3363,0,3,5
3364,0,3,5
3365,0,2,7
3366,0,2,7
3367,0,2,7
3368,0,2,7
3369,0,2,7
3370,0,2,7
3371,0,2,7
3372,0,2,7
3373,0,2,7
3374,0,2,7
3375,0,2,7
3376,0,2,7
3377,0,2,7
3378,0,2,7
3379,0,2,7
3380,0,2,6
3381,0,2,6
3382,0,2,6
3383,0,2,6
3384,0,2,6
3385,0,2,6
3386,0,2,6
3387,0,2,6
3388,0,2,6
3389,0,2,6
3390,0,2,6
3391,0,2,6
3392,0,2,6
3393,0,2,6
3394,0,2,6
3395,0,2,6
3396,0,2,6
3397,0,2,6
3398,0,2,6
3399,0,2,6
3400,0,2,6
3401,0,2,6
3402,0,2,6
3403,0,2,6
3404,0,2,6
3405,0,2,6
3406,0,2,6
3407,0,2,6
3408,0,2,6
3409,0,2,6
3410,0,2,6
3411,0,2,6
3412,0,2,6
3413,0,2,6
3414,0,2,6
3415,0,2,6
3416,0,2,6
3417,0,2,6
3418,0,2,6
3419,0,2,6
3420,0,2,6
3421,0,2,6
3422,0,2,6
3423,0,2,6
3424,0,2,6
3425,0,2,6
3426,0,2,6
3427,0,2,6
3428,0,2,6
3429,0,2,6
3430,0,2,6
3431,0,2,6
3432,0,2,6
3433,0,2,6
3434,0,2,6
3435,0,2,6
3436,0,2,6
3437,0,2,6
3438,0,2,6
3439,0,2,6
3440,0,2,6
3441,0,2,6
3442,0,2,6
3443,0,2,6
3444,0,2,6
3445,0,2,6
3446,0,2,6
3447,0,2,6
3448,0,2,6
3449,0,2,6
3450,0,2,6
3451,0,2,6
3452,0,2,6
3453,0,2,6
3454,0,2,6
3455,0,2,6
3456,0,2,6
3457,0,2,6
3458,0,2,6
3459,0,2,6
3460,0,2,6
3461,0,2,6
3462,0,2,6
3463,0,2,6
3464,0,2,6
3465,0,2,6
3466,0,2,6
3467,0,2,6
3468,0,2,6
3469,0,2,6
3470,0,2,6
3471,0,2,6
3472,0,2,6
3473,0,2,6
3474,0,2,6
3475,0,2,6
3476,0,2,6
3477,0,2,6
3478,0,2,6
3479,0,2,6
3480,0,2,6
3481,0,2,6
3482,0,2,6
3483,0,2,6
3484,0,2,6
3485,0,2,6
3486,0,2,6
3487,0,2,6
3488,0,2,6
3489,0,2,6
3490,0,2,6
3491,0,2,6
3492,0,2,6
3493,0,2,6
3494,0,2,6
3495,0,2,6
3496,0,2,6
3497,0,2,6
3498,0,2,6
3499,0,2,6
3500,0,2,6
3501,0,2,6
3502,0,2,6
3503,0,2,6
3504,0,2,6
3505,0,2,6
3506,0,2,6
3507,0,2,6
3508,0,2,6
3509,0,2,6
3510,0,2,6
3511,0,2,6
3512,0,2,6
3513,0,2,6
3514,0,2,6
3515,0,2,6
3516,0,2,6
3517,0,2,6
3518,0,2,6
3519,0,2,6
3520,0,2,6
3521,0,2,6
3522,0,2,6
3523,0,2,6
3524,0,2,6
3525,0,2,6
3526,0,2,6
3527,0,2,6
3528,0,2,6
3529,0,2,6
3530,0,2,6
3531,0,2,6
3532,0,2,6
3533,0,2,6
3534,0,2,6
3535,0,2,6
3536,0,2,6
3537,0,2,6
3538,0,2,6
3539,0,2,6
3540,0,2,6
3541,0,2,5
3542,0,2,5
3543,0,2,5
3544,0,2,5
3545,0,2,5
3546,0,2,5
3547,0,2,5
3548,0,2,5
3549,0,2,5
3550,0,2,5
3551,0,2,5
3552,0,2,5
3553,0,2,5
3554,0,2,5
3555,0,2,5
3556,0,2,5
3557,0,2,5
3558,0,2,5
3559,0,2,5
3560,0,2,5
3561,0,2,5
3562,0,2,5
3563,0,2,5
3564,0,2,5
3565,0,2,5
3566,0,2,5
3567,0,2,5
3568,0,2,5
3569,0,2,5
3570,0,2,5
3571,0,2,5
3572,0,2,5
3573,0,2,5
3574,0,2,5
3575,0,2,5
3576,0,2,5
3577,0,2,5
3578,0,2,5
3579,0,2,5
3580,0,2,5
3581,0,2,5
3582,0,2,5
3583,0,2,5
3584,0,2,5
3585,0,2,5
3586,0,2,5
3587,0,2,5
3588,0,2,5
3589,0,2,5
3590,0,2,5
3591,0,2,5
3592,0,2,5
3593,0,2,5
3594,0,2,5
3595,0,2,5
3596,0,2,5
3597,0,2,5
3598,0,2,5
3599,0,2,5
3600,0,2,5
3601,0,2,5
3602,0,2,5
3603,0,2,5
3604,0,2,5
3605,0,2,5
3606,0,2,5
3607,0,2,5
3608,0,2,5
3609,0,2,5
3610,0,2,5
3611,0,2,5
3612,0,2,5
3613,0,2,5
3614,0,2,5
3615,0,2,5
3616,0,2,5
3617,0,2,5
3618,0,2,5
3619,0,2,5
3620,0,2,5
3621,0,2,5
3622,0,2,5
3623,0,2,5
3624,0,2,5
3625,0,2,5
3626,0,2,5
3627,0,2,5
3628,0,2,5
3629,0,2,5
3630,0,2,5
3631,0,2,5
3632,0,2,5
3633,0,2,5
3634,0,2,5
3635,0,2,5
3636,0,2,5
3637,0,2,5
3638,0,2,5
3639,0,2,5
3640,0,2,5
3641,0,2,5
3642,0,2,5
3643,0,2,5
3644,0,2,5
3645,0,2,5
3646,0,2,5
3647,0,2,5
3648,0,2,5
3649,0,2,5
3650,0,2,5
3651,0,2,5
3652,0,2,5
3653,0,2,5
3654,0,2,5
3655,0,2,5
3656,0,2,5
3657,0,2,5
3658,0,2,5
3659,0,2,5
3660,0,2,5
3661,0,2,5
3662,0,2,5
3663,0,2,5
3664,0,2,5
3665,0,2,5
3666,0,2,5
3667,0,2,5
3668,0,2,5
3669,0,2,5
3670,0,2,5
3671,0,2,5
3672,0,2,5
3673,0,2,5
3674,0,2,5
3675,0,2,5
3676,0,2,5
3677,0,2,5
3678,0,2,5
3679,0,2,5
3680,0,2,5
3681,0,2,5
3682,0,2,5
3683,0,2,5
3684,0,2,5
3685,0,2,5
3686,0,2,5
3687,0,2,5
3688,0,2,5
3689,0,2,5
3690,0,2,5
3691,0,2,5
3692,0,2,5
3693,0,2,5
3694,0,2,5
3695,0,2,5
3696,0,2,5
3697,0,2,5
3698,0,2,5
3699,0,2,5
3700,0,2,5
3701,0,2,5
3702,0,2,4
3703,0,2,4
3704,0,2,4
3705,0,2,4
3706,0,2,4
3707,0,2,4
3708,0,2,4
3709,0,2,4
3710,0,2,4
3711,0,2,4
3712,0,2,4
3713,0,2,4
3714,0,2,4
3715,0,2,4
3716,0,2,4
3717,0,2,4
3718,0,2,4
3719,0,2,4
3720,0,2,4
3721,0,2,4
3722,0,2,4
3723,0,2,4
3724,0,2,4
3725,0,2,4
3726,0,2,4
3727,0,2,4
3728,0,2,4
3729,0,2,4
3730,0,2,4
3731,0,2,4
3732,0,2,4
3733,0,2,4
3734,0,2,4
3735,0,2,4
3736,0,2,4
3737,0,2,4
3738,0,2,4
3739,0,2,4
3740,0,2,4
3741,0,2,4
3742,0,2,4
3743,0,2,4
3744,0,2,4
3745,0,2,4
3746,0,2,4
3747,0,2,4
3748,0,2,4
3749,0,2,4
3750,0,2,4
3751,0,2,4
3752,0,2,4
3753,0,2,4
3754,0,2,4
3755,0,2,4
3756,0,2,4
3757,0,2,4
3758,0,2,4
3759,0,2,4
3760,0,2,4
3761,0,2,4
3762,0,2,4
3763,0,2,4
3764,0,2,4
3765,0,2,4
3766,0,2,4
3767,0,2,4
3768,0,2,4
3769,0,2,4
3770,0,2,4
3771,0,2,4
3772,0,2,4
3773,0,2,4
3774,0,2,4
3775,0,2,4
3776,0,2,4
3777,0,2,4
3778,0,2,4
3779,0,2,4
3780,0,2,4
3781,0,2,4
3782,0,2,4
3783,0,2,4
3784,0,2,4
3785,0,2,4
3786,0,2,4
3787,0,2,4
3788,0,2,4
3789,0,2,4
3790,0,2,4
3791,0,2,4
3792,0,2,4
3793,0,2,4
3794,0,2,4
3795,0,2,4
3796,0,2,4
3797,0,2,4
3798,0,2,4
3799,0,2,4
3800,0,2,4
3801,0,2,4
3802,0,2,4
3803,0,2,4
3804,0,2,4
3805,0,2,4
3806,0,2,4
3807,0,2,4
3808,0,2,4
3809,0,2,4
3810,0,2,4
3811,0,2,4
3812,0,2,4
3813,0,2,4
3814,0,2,4
3815,0,2,4
3816,0,2,4
3817,0,2,4
3818,0,2,4
3819,0,2,4
3820,0,2,4
3821,0,2,4
3822,0,2,4
3823,0,2,4
3824,0,2,4
3825,0,2,4
3826,0,2,4
3827,0,2,4
3828,0,2,4
3829,0,2,4
3830,0,2,4
3831,0,2,4
3832,0,2,4
3833,0,2,4
3834,0,2,4
3835,0,2,4
3836,0,2,4
3837,0,2,4
3838,0,2,4
3839,0,2,4
3840,0,2,4
3841,0,2,4
3842,0,2,4
3843,0,2,4
3844,0,2,4
3845,0,2,4
3846,0,2,4
3847,0,2,4
3848,0,2,4
3849,0,2,4
3850,0,2,4
3851,0,2,4
3852,0,2,4
3853,0,2,4
3854,0,2,4
3855,0,2,4
3856,0,2,4
3857,0,2,4
3858,0,2,4
3859,0,2,4
3860,0,2,4
3861,0,2,4
3862,0,2,4
3863,0,2,4
3864,0,1,6
3865,0,1,6
3866,0,1,6
3867,0,1,6
3868,0,1,6
3869,0,1,6
3870,0,1,6
3871,0,1,6
3872,0,1,6
3873,0,1,6
3874,0,1,6
3875,0,1,6
3876,0,1,6
3877,0,1,6
3878,0,1,6
3879,0,1,6
3880,0,1,6
3881,0,1,6
3882,0,1,6
3883,0,1,6
3884,0,1,6
3885,0,1,6
3886,0,1,6
3887,0,1,5
3888,0,1,5
3889,0,1,5
3890,0,1,5
3891,0,1,5
3892,0,1,5
3893,0,1,5
3894,0,1,5
3895,0,1,5
3896,0,1,5
3897,0,1,5
3898,0,1,5
3899,0,1,5
3900,0,1,5
3901,0,1,5
3902,0,1,5
3903,0,1,5
3904,0,1,5
3905,0,1,5
3906,0,1,5
3907,0,1,5
3908,0,1,5
3909,0,1,5
3910,0,1,5
3911,0,1,5
3912,0,1,5
3913,0,1,5
3914,0,1,5
3915,0,1,5
3916,0,1,5
3917,0,1,5
3918,0,1,5
3919,0,1,5
3920,0,1,5
3921,0,1,5
3922,0,1,5
3923,0,1,5
3924,0,1,5
3925,0,1,5
3926,0,1,5
3927,0,1,5
3928,0,1,5
3929,0,1,5
3930,0,1,5
3931,0,1,5
3932,0,1,5
3933,0,1,5
3934,0,1,5
3935,0,1,5
3936,0,1,5
3937,0,1,5
3938,0,1,5
3939,0,1,5
3940,0,1,5
3941,0,1,5
3942,0,1,5
3943,0,1,5
3944,0,1,5
3945,0,1,5
3946,0,1,5
3947,0,1,5
3948,0,1,5
3949,0,1,5
3950,0,1,5
3951,0,1,5
3952,0,1,5
3953,0,1,5
3954,0,1,5
3955,0,1,5
3956,0,1,5
3957,0,1,5
3958,0,1,5
3959,0,1,5
3960,0,1,5
3961,0,1,5
3962,0,1,5
3963,0,1,5
3964,0,1,5
3965,0,1,5
3966,0,1,5
3967,0,1,5
3968,0,1,5
3969,0,1,5
3970,0,1,5
3971,0,1,5
3972,0,1,5
3973,0,1,5
3974,0,1,5
3975,0,1,5
3976,0,1,5
3977,0,1,5
3978,0,1,5
3979,0,1,5
3980,0,1,5
3981,0,1,5
3982,0,1,5
3983,0,1,5
3984,0,1,5
3985,0,1,5
3986,0,1,5
3987,0,1,5
3988,0,1,5
3989,0,1,5
3990,0,1,5
3991,0,1,5
3992,0,1,5
3993,0,1,5
3994,0,1,5
3995,0,1,5
3996,0,1,5
3997,0,1,5
3998,0,1,5
3999,0,1,5
4000,0,1,5
4001,0,1,5
4002,0,1,5
4003,0,1,5
4004,0,1,5
4005,0,1,5
4006,0,1,5
4007,0,1,5
4008,0,1,5
4009,0,1,5
4010,0,1,5
4011,0,1,5
4012,0,1,5
4013,0,1,5
4014,0,1,5
4015,0,1,5
4016,0,1,5
4017,0,1,5
4018,0,1,5
4019,0,1,5
4020,0,1,5
4021,0,1,5
4022,0,1,5
4023,0,1,5
4024,0,1,5
4025,0,1,5
4026,0,1,5
4027,0,1,5
4028,0,1,5
4029,0,1,5
4030,0,1,5
4031,0,1,5
4032,0,1,5
4033,0,1,5
4034,0,1,5
4035,0,1,5
4036,0,1,5
4037,0,1,5
4038,0,1,5
4039,0,1,5
4040,0,1,5
4041,0,1,5
4042,0,1,5
4043,0,1,5
4044,0,1,5
4045,0,1,5
4046,0,1,5
4047,0,1,5
4048,0,1,5
