filename,marked
5_0_2_20170116173434115.png,[False]
5_0_3_20170119201947413.png,[False]
5_0_0_20170117180833219.png,[True]
5_0_0_20170117190708466.png,[False]
5_0_3_20170119183728238.png,[False]
5_0_0_20170117154734499.png,[False]
2_0_3_20230911120210853472_random_moderate.png,"[False, False]"
3_0_2_20230911144537278144_none_none.png,[False]
5_0_1_20230911145227222515_none_none.png,"[False, False]"
5_1_1_20170103225945785.png,[False]
6_1_1_20170113012354401.png,[False]
3_1_1_20170109212440397.png,[False]
7_0_3_20170119212012082.png,[False]
6_0_3_20170119171732975.png,[False]
7_1_0_20170120225339921.png,[True]
0_1_3_20230911114505174947_similar_imprecise.png,"[True, True]"
0_1_3_20231113154348106730.png,[False]
4_0_3_20230911121427504474_random_moderate.png,[True]
5_1_3_20170119195103018.png,[False]
6_1_1_20170113012552201.png,[False]
5_1_2_20170115234956957.png,[True]
4_0_1_20170113133405641.png,[True]
0_0_0_20170110212704144.png,[False]
5_1_2_20170116165649025.png,[False]
6_0_0_20230911111933627043_similar_imprecise.png,[False]
2_1_1_20231111194020956812.png,"[False, True]"
5_1_3_20170119172141792.png,"[False, False]"
7_0_0_20170117173242519.png,[False]
5_0_3_20170117130709884.png,[False]
5_1_2_20170116170714855.png,[False]
5_0_3_20170119181330668.png,[False]
7_1_0_20170120140748041.png,[False]
5_1_0_20231112183518802517.png,[True]
2_0_3_20231112180903353927.png,[False]
3_1_0_20231111194616472146.png,"[True, False]"
6_0_3_20170109015557169.png,"[True, True, False]"
4_1_0_20170116205812305.png,[True]
6_1_0_20170119205252879.png,[False]
1_0_2_20161219201230500.png,[False]
6_1_0_20170103181204176.png,[False]
6_0_1_20170113174947234.png,[True]
5_0_1_20230911110456803633_similar_moderate.png,[False]
6_1_3_20230911145457404691_none_none.png,"[False, False]"
3_1_0_20230911105321634759_similar_moderate.png,[False]
2_1_0_20170109203709140.png,[False]
6_0_2_20170112215350320.png,[False]
5_1_1_20170112220414584.png,"[True, True]"
6_1_0_20170117190023859.png,[False]
6_0_3_20170119201912421.png,[True]
3_0_2_20230911120816805019_random_accurate.png,[False]
3_0_2_20231113142225239500.png,"[False, False]"
4_0_3_20230911121510463214_random_imprecise.png,"[False, False, True]"
6_1_1_20170117193944155.png,"[True, True]"
1_1_0_20170116200920314.png,[False]
5_0_0_20170117130116812.png,[False]
3_0_0_20170116182812470.png,"[False, False]"
6_1_0_20170110160643579.png,[False]
0_0_0_20170110213247257.png,[False]
6_0_0_20230911122746921170_random_imprecise.png,[False]
3_1_0_20231112181736189939.png,[True]
7_0_2_20230911112630582876_similar_moderate.png,"[False, True, False]"
5_1_3_20170109141114301.png,[False]
6_1_0_20170117204229856.png,[False]
2_1_2_20170103201007646.png,[False]
4_1_3_20170104222402975.png,[True]
5_1_2_20170116180509103.png,[False]
7_0_0_20170104184609437.png,[False]
2_0_3_20230911104037210014_similar_moderate.png,[False]
5_1_0_20231113151025216544.png,[False]
3_0_2_20230911120754564876_random_moderate.png,[True]
7_0_1_20170117193425610.png,[False]
7_0_0_20170113175603924.png,[True]
4_1_1_20170117194632596.png,[False]
7_0_0_20170111223725228.png,[False]
4_1_3_20170104231315881.png,"[False, True]"
4_1_3_20170119163636742.png,[True]
5_1_0_20231112182857660654.png,"[False, False, False, False]"
3_0_2_20230911120655534629_random_imprecise.png,"[False, False, False]"
1_0_0_20230911103204288139_similar_accurate.png,[False]
5_1_1_20170116222929223.png,[False]
1_0_3_20161220220613177.png,[False]
6_0_2_20170116163531048.png,[True]
6_0_1_20170117182526238.png,[False]
0_1_0_20170109190937434.png,[False]
6_0_2_20170117153650893.png,[False]
1_0_0_20231113141127389240.png,[False]
1_0_0_20231111193416016172.png,"[False, False]"
0_0_1_20230911114259794589_similar_imprecise.png,"[False, False]"
4_1_1_20170112234551513.png,[False]
0_0_2_20161219221816327.png,[False]
5_1_3_20170109132327888.png,[False]
1_0_2_20161219194354209.png,[True]
5_0_2_20170116180859386.png,[False]
6_0_1_20170120222838627.png,[False]
4_0_3_20231113142706774537.png,"[False, False]"
4_1_2_20231111195045236745.png,"[False, False]"
7_0_2_20230911112429940773_similar_accurate.png,[False]
3_1_1_20170113002913732.png,[False]
3_0_0_20170110232127519.png,[False]
6_0_3_20170119205356352.png,[False]
3_1_1_20170109203225054.png,[False]
7_1_0_20170120223843966.png,[True]
5_0_0_20170117142910226.png,[False]
5_1_0_20230911111337875490_similar_imprecise.png,"[False, False, True, False]"
4_1_2_20231112182312612634.png,"[False, False]"
1_0_0_20230911103407831449_similar_moderate.png,[False]
5_0_3_20170119162753492.png,[False]
5_0_0_20170117172408564.png,[False]
4_1_0_20170117141213281.png,[False]
6_0_3_20170119171853186.png,[False]
0_1_3_20161220220214417.png,[True]
6_1_0_20170110140759145.png,[False]
3_0_2_20230911104530529093_similar_accurate.png,[True]
5_1_0_20230911145249066392_none_none.png,"[False, False]"
5_0_1_20231111195110498741.png,"[False, True]"
6_1_1_20170113013004135.png,[False]
0_1_0_20170109194219940.png,[True]
5_0_0_20170117155210391.png,[False]
5_1_3_20170117174439983.png,[False]
5_0_0_20170109010216194.png,[False]
5_0_0_20170116235740282.png,[False]
2_0_3_20230911103818994462_similar_moderate.png,"[True, False]"
2_1_1_20230911120357904670_random_accurate.png,[False]
2_0_3_20230911104048464191_similar_imprecise.png,"[False, False, False]"
5_0_0_20170117140805766.png,[False]
7_0_1_20170111201412415.png,[True]
6_0_1_20170116003656859.png,[True]
5_0_0_20170117133936015.png,[False]
4_0_0_20170116224743469.png,[False]
2_1_0_20170109205130906.png,[False]
2_0_3_20230911115951537922_random_moderate.png,[False]
1_1_2_20230911115904924341_random_imprecise.png,[True]
6_0_0_20231113152051773409.png,[False]
3_0_0_20170110232621309.png,[False]
5_1_1_20170116152550099.png,[False]
5_0_0_20170105172903283.png,[False]
5_1_1_20170112234952297.png,[False]
0_0_0_20161220220239129.png,[True]
5_0_0_20170108235818665.png,[False]
0_0_1_20231113122718330912.png,"[True, False, False]"
4_0_3_20230911121404846123_random_imprecise.png,"[False, False, True]"
1_1_2_20231113141505936109.png,"[False, True]"
1_1_3_20170104222751249.png,[True]
4_0_3_20170119162807109.png,[False]
1_1_0_20170109201829191.png,[True]
5_0_2_20170104202252010.png,[False]
5_1_1_20170113001901555.png,[False]
5_0_3_20170120220034035.png,[False]
2_0_3_20230911103847491145_similar_accurate.png,[False]
4_0_3_20230911121343626645_random_accurate.png,[False]
6_1_0_20170110153042034.png,[True]
4_1_3_20170104231757866.png,[False]
5_0_3_20170117140644345.png,[False]
5_1_2_20170116180729528.png,[False]
0_1_0_20170109194419285.png,[False]
4_1_3_20170104222853135.png,[False]
2_0_3_20230911120256213398_random_imprecise.png,"[False, False, True]"
6_0_0_20231112183657744005.png,"[True, False, False]"
1_0_0_20230911103251935246_similar_moderate.png,[False]
6_1_1_20170113001952364.png,[False]
5_0_0_20170113210605342.png,[True]
2_1_3_20161220222902435.png,[False]
6_1_0_20170104185045990.png,[False]
5_0_0_20170105164841588.png,[False]
6_0_1_20170113185030984.png,[False]
1_0_0_20230911143743367768_none_none.png,[False]
3_0_2_20230911120933484740_random_moderate.png,"[False, True]"
5_1_0_20230911111302787739_similar_imprecise.png,[False]
6_1_0_20170110141023577.png,[False]
5_0_0_20170117172106787.png,[False]
6_1_0_20170103180406295.png,[False]
0_1_0_20170110213605785.png,[False]
5_0_0_20170117154233939.png,[False]
5_1_2_20170116175858597.png,[False]
2_1_1_20231113141912945223.png,[True]
7_0_2_20230911123423356428_random_imprecise.png,[False]
1_1_2_20230911115853935216_random_moderate.png,[True]
6_1_1_20170112231359349.png,[False]
6_0_3_20170119205806352.png,[False]
5_0_2_20170104023216134.png,[False]
6_0_3_20170119205638160.png,[False]
4_1_3_20170119171011143.png,[False]
5_1_1_20170112213442439.png,[False]
5_0_1_20231113145909234213.png,[False]
0_0_1_20230911114152086947_similar_accurate.png,"[True, False, False, True]"
0_1_3_20230911145908819038_none_none.png,"[True, False]"
5_1_1_20170113001619378.png,[True]
2_0_0_20170110225243501.png,"[False, False]"
6_1_1_20170117145052555.png,"[False, False]"
5_1_1_20170114030101602.png,[False]
6_1_1_20170109003603180.png,[False]
5_1_0_20230911122214876475_random_imprecise.png,[False]
4_0_3_20230911121448977251_random_accurate.png,"[False, False]"
2_0_3_20231112180634079915.png,[False]
3_0_1_20170114030410225.png,[False]
4_0_0_20170116200924248.png,[False]
7_0_0_20170111204704023.png,[True]
5_0_2_20170116174836155.png,[False]
6_1_0_20170117154912167.png,[False]
7_0_0_20170104213702565.png,[True]
5_0_1_20230911122028994966_random_moderate.png,"[False, True]"
3_1_0_20230911105159021852_similar_accurate.png,"[False, False, False]"
3_0_2_20230911105006592220_similar_moderate.png,"[False, True]"
1_1_3_20161220223052131.png,[True]
4_1_0_20170105183508735.png,[False]
5_0_0_20170116211634643.png,[False]
3_0_0_20170110232142982.png,[False]
5_0_2_20170116185010991.png,[False]
6_1_0_20170120220951100.png,[False]
7_0_2_20231113152903106387.png,[False]
3_1_0_20230911121135477328_random_imprecise.png,[False]
1_0_2_20161219221714703.png,[False]
2_1_0_20170110224621441.png,[False]
6_0_3_20170117153047475.png,[False]
7_1_0_20170110183752111.png,[True]
7_0_0_20170104185241950.png,[True]
5_1_1_20170116011336602.png,[False]
0_1_3_20230911145854375543_none_none.png,[False]
3_0_2_20230911120827430304_random_moderate.png,[False]
2_1_2_20170104022216669.png,"[False, False]"
7_1_3_20170109132529672.png,[True]
6_0_3_20170119211538977.png,[False]
5_1_1_20170116153221266.png,[False]
6_1_1_20170113011244319.png,[False]
6_1_0_20170117175251077.png,[False]
0_0_1_20230911124142438125_random_moderate.png,[False]
3_1_0_20230911105247994366_similar_moderate.png,[True]
5_0_0_20170113133232626.png,[True]
0_0_0_20170103202750479.png,[False]
0_1_1_20170109190932811.png,"[False, False]"
5_1_1_20170112231815517.png,[False]
5_1_2_20170116191621268.png,[False]
5_0_3_20170119165834583.png,[False]
2_0_3_20231111193643386716.png,[False]
2_0_3_20231111193736861514.png,[False]
6_1_1_20170114032302199.png,[False]
5_1_1_20170112210923338.png,[False]
5_0_2_20170116172925949.png,[False]
5_1_3_20170119180502866.png,[True]
5_1_3_20170117173653317.png,[False]
2_0_3_20231112180723581380.png,"[True, True]"
3_1_0_20231111194637844268.png,[True]
5_1_2_20170116184241642.png,[False]
3_1_1_20170116204334206.png,[True]
2_1_3_20161220220407073.png,[False]
6_0_3_20170119201213412.png,[False]
7_1_0_20170110141403561.png,[False]
5_0_1_20230911110634216224_similar_imprecise.png,[True]
2_0_3_20230911120222521225_random_imprecise.png,"[False, False]"
0_0_0_20170109191008066.png,"[False, False]"
2_0_0_20170110225112927.png,[False]
4_1_3_20170104222257463.png,[False]
4_1_3_20170119150812423.png,[False]
4_1_1_20170112231905070.png,[False]
5_1_3_20170104235836460.png,[False]
7_1_1_20230911113828984812_similar_moderate.png,"[False, False]"
1_0_0_20231113141103737498.png,[False]
6_0_0_20230911111729767233_similar_moderate.png,[False]
1_0_2_20161219210918485.png,[False]
5_0_2_20170119193330242.png,[False]
1_1_1_20170109194656449.png,[False]
6_0_3_20170117191908449.png,[False]
5_1_3_20170117154952406.png,[False]
0_0_3_20161220220508802.png,[False]
6_0_0_20230911111828803009_similar_accurate.png,"[False, False, True]"
5_0_1_20231111195131813587.png,[False]
0_1_3_20231111201100504521.png,[True]
5_1_3_20170119172050673.png,[False]
5_0_3_20170117135721856.png,[False]
5_0_0_20170117180555824.png,[False]
6_0_3_20170104220900702.png,[False]
3_1_1_20170112230550725.png,[False]
3_0_0_20170110232316211.png,"[True, True]"
0_0_1_20231113154325301947.png,"[False, True]"
5_1_0_20231111195446132949.png,[False]
3_1_0_20230911121052675859_random_moderate.png,"[True, True, True]"
6_0_2_20170104213224957.png,[False]
5_0_0_20170117192314819.png,[True]
4_0_2_20170116172927637.png,[False]
7_1_0_20170120230308115.png,[False]
6_1_0_20170110160643892.png,[False]
5_0_2_20170116172213528.png,[False]
5_1_0_20230911111428577916_similar_accurate.png,[True]
7_1_1_20230911145615088289_none_none.png,[False]
7_0_2_20231113152834657494.png,[False]
7_1_0_20170120221950480.png,[False]
5_1_2_20170116180422018.png,[True]
0_0_0_20161219203503252.png,[False]
5_0_2_20170116173409625.png,[False]
7_0_0_20170104184119566.png,[False]
5_1_1_20170116153114714.png,[True]
4_1_2_20230911110201012284_similar_accurate.png,[True]
2_0_3_20230911144321961975_none_none.png,[False]
6_1_0_20170120222048719.png,[False]
5_0_0_20170117130651744.png,[False]
5_0_0_20170117151331469.png,[False]
6_1_0_20170117160608302.png,[False]
6_0_2_20170112222313915.png,[False]
5_1_1_20170116021949852.png,[False]
6_0_0_20230911111904430493_similar_accurate.png,"[False, False]"
6_0_0_20231113152539387869.png,[False]
4_0_3_20230911144713061817_none_none.png,[True]
4_1_0_20170103201733831.png,[False]
5_0_3_20170119195249772.png,[False]
5_0_3_20170119180707115.png,[False]
2_1_3_20170104221645430.png,[False]
6_1_0_20170103180159982.png,[False]
5_0_3_20170119181320605.png,[False]
0_1_3_20230911145901946571_none_none.png,[False]
4_0_3_20230911105742515070_similar_moderate.png,"[True, False]"
0_0_1_20230911124055861818_random_accurate.png,[False]
5_0_3_20170119144035406.png,[False]
6_0_3_20170119184252470.png,[False]
6_0_1_20170113174152115.png,[False]
5_0_0_20170116215505239.png,[True]
5_0_2_20170116180708812.png,[False]
7_1_0_20170110132552849.png,[False]
4_1_2_20230911105955872953_similar_moderate.png,[False]
7_1_1_20230911145628900310_none_none.png,"[False, False]"
5_0_3_20170119181302068.png,[True]
5_1_1_20170112234214983.png,[False]
4_0_0_20170117145758955.png,[False]
7_0_0_20170111200645876.png,[False]
2_0_0_20170110225508509.png,[False]
5_1_1_20170115234946456.png,[False]
6_1_3_20231113121236894881.png,[False]
6_0_0_20230911111654331852_similar_moderate.png,[False]
2_1_1_20230911120526367667_random_moderate.png,[False]
5_1_2_20170116164640416.png,[False]
6_0_1_20170120134315207.png,[True]
2_1_0_20170109204507030.png,[False]
4_0_1_20170113132554696.png,[False]
5_1_1_20170113012335025.png,[False]
4_0_1_20170114025920224.png,[False]
6_0_0_20231112183548624801.png,[False]
6_1_3_20231113121257893440.png,[False]
5_1_0_20230911145310310553_none_none.png,[True]
6_1_0_20170109132147662.png,[False]
6_1_1_20170116235434882.png,[False]
5_1_1_20170112224805692.png,[False]
6_1_1_20170116211626424.png,[False]
6_0_2_20170116222054321.png,[False]
5_1_1_20170112211330988.png,[False]
1_0_0_20230911115358385844_random_imprecise.png,[True]
3_1_0_20230911105258323845_similar_imprecise.png,[True]
2_0_3_20230911104015532229_similar_imprecise.png,[True]
7_0_0_20170117171238997.png,[False]
6_0_3_20170119205629231.png,[False]
5_1_1_20170116171052794.png,[True]
5_1_1_20170117142925468.png,[True]
5_1_3_20170119155040320.png,[False]
6_1_0_20170120221629278.png,[False]
3_1_0_20230911105220633249_similar_imprecise.png,[False]
2_1_1_20230911120537623731_random_imprecise.png,[False]
6_1_3_20230911123109208775_random_imprecise.png,"[False, False]"
6_1_2_20170104185236854.png,[False]
6_1_1_20170116160640036.png,[False]
3_0_0_20170120133307597.png,[True]
5_1_3_20170104223130527.png,[False]
1_1_0_20170109192110040.png,[False]
5_1_1_20170117184932055.png,[False]
2_0_3_20230911103743180102_similar_moderate.png,[False]
4_0_3_20230911121416063203_random_accurate.png,"[False, False, False]"
0_1_3_20230911124539272118_random_imprecise.png,"[False, True, False]"
1_1_0_20170109190510318.png,[False]
5_0_0_20170120221052421.png,[True]
5_1_3_20170119193140714.png,[False]
6_1_0_20170104185826390.png,"[False, False]"
5_0_3_20170119171627440.png,[False]
4_1_3_20170119153944161.png,[False]
7_1_1_20231111200559418886.png,[False]
6_1_3_20230911123047175562_random_accurate.png,[False]
5_0_2_20170116193710051.png,[True]
5_0_0_20170117120207461.png,[False]
7_0_0_20170120225636180.png,[False]
5_0_0_20170116222911780.png,[False]
5_0_0_20170117133153508.png,[False]
5_0_0_20170105165146660.png,[False]
7_0_2_20231111200249795037.png,"[False, False]"
5_0_1_20230911110315404617_similar_accurate.png,[True]
5_0_3_20170119203939176.png,[False]
5_1_2_20170104022917342.png,[False]
6_0_3_20170119180924508.png,[True]
5_0_3_20170104214602149.png,[False]
6_0_1_20170120224617161.png,[False]
7_1_0_20170110180054361.png,[False]
6_0_0_20230911111742508634_similar_imprecise.png,[False]
4_1_2_20231111194941981129.png,"[False, False]"
4_1_3_20170104231536521.png,[False]
5_1_1_20170117202000565.png,[False]
5_0_0_20170116182307851.png,[False]
5_1_3_20170119202144381.png,[False]
5_1_1_20170112211535716.png,[True]
5_0_0_20170104202556995.png,[False]
4_0_3_20230911105633965275_similar_moderate.png,"[False, False, False]"
4_1_2_20230911110050842387_similar_accurate.png,[False]
3_0_2_20230911104939300061_similar_imprecise.png,[False]
5_0_2_20170116163447230.png,[False]
7_1_0_20170110141430168.png,[False]
4_0_1_20170116210354987.png,[False]
6_0_3_20170119154108905.png,[False]
4_1_0_20170104234820025.png,[False]
3_0_0_20170110232302818.png,[False]
5_0_1_20231111195241778835.png,"[True, False]"
4_1_2_20230911121624242649_random_imprecise.png,[True]
4_1_2_20230911144740237476_none_none.png,"[True, True]"
5_0_3_20170119181351882.png,[True]
5_1_2_20170116173118658.png,[False]
7_1_0_20170117173915503.png,[False]
6_1_1_20170117164023113.png,[False]
5_0_0_20170117171759796.png,"[True, True]"
4_0_1_20170113133218153.png,[False]
6_1_3_20230911112002732822_similar_moderate.png,[False]
1_0_0_20231111193255296489.png,[True]
0_1_0_20161220220457473.png,[False]
5_0_0_20170117020854365.png,[True]
6_0_3_20170119211848649.png,[False]
5_0_2_20170117172618124.png,[False]
5_1_2_20170116164741320.png,[False]
5_0_0_20170116203116520.png,"[False, True]"
5_0_1_20231112182403243494.png,[True]
4_1_2_20231113142913646113.png,"[False, True]"
4_0_0_20170116220735674.png,[False]
7_0_0_20170117175502596.png,[False]
3_1_3_20170104221807127.png,[False]
5_1_3_20170119193141890.png,[True]
1_1_3_20161220220351161.png,[False]
3_1_0_20230911144621216108_none_none.png,"[True, False, False]"
5_0_0_20170117171523531.png,[False]
5_1_2_20170116164927601.png,[True]
5_0_0_20170116204038276.png,[True]
5_0_0_20170119202217510.png,[True]
3_0_0_20170110232111509.png,[False]
6_1_0_20170104181529757.png,[False]
1_0_0_20230911115416180837_random_accurate.png,[False]
3_0_2_20231111194419477039.png,"[False, False]"
6_1_3_20231111200117143207.png,[False]
7_1_0_20170110152820302.png,[True]
5_0_0_20170116203328402.png,[False]
7_0_0_20170116233204210.png,[False]
5_0_3_20170119183911734.png,[False]
5_0_3_20170117182830027.png,[False]
6_1_0_20170103183831466.png,[False]
5_0_1_20231111195337181186.png,"[False, True]"
5_0_1_20231111195423556563.png,[False]
7_0_2_20230911112357097896_similar_accurate.png,[True]
6_1_0_20170113182810479.png,[False]
5_0_2_20170116193324984.png,[True]
5_1_1_20170112235926962.png,[True]
4_0_2_20170119165620535.png,[False]
6_0_1_20170113174958212.png,[False]
4_1_0_20170116214335363.png,[True]
3_0_2_20231113142204548806.png,[False]
4_1_2_20230911121808965917_random_imprecise.png,[False]
2_0_3_20230911103755060037_similar_imprecise.png,[True]
5_1_1_20170112204654001.png,[True]
6_0_3_20170119202044372.png,"[False, False]"
4_1_3_20170119153518449.png,[False]
5_1_2_20170105164147100.png,"[False, False]"
3_0_0_20170110232445820.png,[True]
5_0_0_20170102233508810.png,[False]
6_1_3_20230911112036724797_similar_moderate.png,"[False, False]"
1_0_0_20230911103355583053_similar_accurate.png,[True]
5_1_1_20170116163946811.png,[True]
3_0_1_20170110224421697.png,[False]
5_1_3_20170119193045378.png,[False]
5_1_3_20170119180550463.png,"[True, True]"
5_1_2_20170116191922002.png,[True]
6_1_1_20170113001152068.png,"[False, False]"
3_0_2_20230911120944640915_random_imprecise.png,[True]
2_0_3_20230911103908220992_similar_imprecise.png,[False]
7_0_2_20231111200209811196.png,"[False, True, False]"
5_1_1_20170117171933533.png,[True]
5_1_1_20170116153827997.png,[True]
4_1_0_20170117194001595.png,[False]
7_0_0_20170120225917395.png,[False]
6_1_0_20170104210419052.png,[False]
1_0_0_20230911103343880139_similar_imprecise.png,[True]
4_1_2_20231112182152249254.png,"[False, False]"
5_1_0_20231112183452890434.png,[False]
6_1_1_20170112221944068.png,[False]
0_1_2_20161219204458116.png,[False]
5_0_3_20170104214630381.png,[False]
5_0_3_20170104220656317.png,[False]
5_1_3_20170104172955993.png,[False]
5_1_1_20170113001409411.png,[False]
1_0_0_20230911103419537916_similar_imprecise.png,[True]
0_0_1_20230911113955785596_similar_accurate.png,"[True, True]"
2_1_1_20230911104254629620_similar_imprecise.png,[False]
7_1_0_20170120230456826.png,[False]
5_0_3_20170113153014880.png,[True]
6_1_0_20170110141656511.png,"[False, False]"
0_1_2_20170109194508114.png,[False]
5_1_1_20170103183648691.png,[True]
6_1_1_20170120221732551.png,[True]
4_1_2_20230911110149442783_similar_imprecise.png,"[False, False]"
5_0_1_20231113145824862159.png,"[False, False]"
4_1_2_20231112182242768792.png,[False]
5_1_1_20170116021333343.png,[False]
0_0_0_20161219192208688.png,[False]
6_1_0_20170104211742180.png,[False]
5_0_3_20170117134903926.png,"[True, False]"
6_0_3_20170119210206582.png,[False]
5_0_2_20170117144613825.png,[False]
1_1_2_20231111193555680970.png,[False]
5_0_3_20170119195500659.png,[False]
6_1_2_20170116164709968.png,[False]
0_0_2_20161219203358108.png,[False]
5_1_2_20170116192249012.png,[True]
5_1_1_20170117174033437.png,[False]
5_0_0_20170104200937337.png,[False]
4_0_3_20231113142645076191.png,[False]
5_0_1_20231113150431818514.png,[True]
2_0_3_20230911120026010326_random_moderate.png,[True]
7_1_0_20170120230110328.png,[False]
6_1_0_20170103163617968.png,[False]
2_1_3_20161220222535466.png,[True]
1_0_2_20170103205833676.png,[False]
7_0_1_20170116210256280.png,[True]
5_1_1_20170112215047361.png,[False]
0_1_3_20231111200805576766.png,[False]
6_1_3_20231113121140832010.png,[False]
3_0_2_20230911105019428524_similar_imprecise.png,"[True, True]"
5_1_1_20170117010009030.png,"[False, False]"
5_1_1_20170112224100250.png,[False]
4_0_0_20170105184049223.png,[True]
6_0_3_20170119211852753.png,[True]
5_0_2_20170104204240163.png,[False]
4_0_2_20170116170825869.png,[False]
3_0_2_20230911120732398764_random_imprecise.png,"[False, False]"
0_0_1_20230911145727527038_none_none.png,[False]
5_0_0_20170117170940347.png,[True]
0_0_0_20170110212816271.png,[False]
6_1_0_20170110124214646.png,[False]
5_0_0_20170117120705693.png,[False]
5_0_0_20170117180514216.png,[False]
1_1_2_20230911144210273750_none_none.png,[True]
1_0_0_20231113141223548973.png,[False]
5_0_0_20170117135445816.png,[False]
6_1_0_20170104201429289.png,[False]
2_1_0_20170109203907694.png,[True]
5_0_0_20170117135928574.png,[False]
5_1_1_20170112234045193.png,[False]
4_1_0_20170117145132068.png,[False]
0_1_0_20170109194131667.png,[False]
3_1_3_20170104222038870.png,[False]
3_0_2_20170116163826980.png,[False]
5_0_2_20170116193015006.png,[False]
5_1_1_20170117173309216.png,[False]
5_1_2_20170104023041166.png,[False]
4_1_2_20231113143102027606.png,"[True, True, False]"
6_0_0_20230911145357855522_none_none.png,[False]
5_0_3_20170119171508760.png,[False]
2_0_2_20170110215518068.png,[False]
5_1_1_20170112235203401.png,[False]
7_0_0_20170111205335191.png,[False]
5_1_1_20170116164338305.png,[False]
5_1_0_20230911122341029707_random_accurate.png,[False]
6_1_3_20230911123058342723_random_moderate.png,[True]
1_1_2_20231113141351490434.png,"[False, False]"
6_1_0_20170117203930783.png,[False]
6_0_3_20170119211315720.png,[False]
4_1_0_20170116221719806.png,[False]
1_1_0_20170109191801408.png,[True]
5_1_1_20170116001921217.png,[True]
2_1_0_20170109203327397.png,[False]
4_0_3_20231112182126990321.png,[False]
1_0_0_20230911103314174819_similar_accurate.png,"[False, False]"
5_1_3_20170119192916618.png,[False]
7_1_0_20170117194649889.png,[False]
5_1_1_20170112210246493.png,[True]
5_0_2_20170116191320975.png,[True]
5_1_3_20170119145528477.png,[False]
2_1_1_20231111193951431213.png,[False]
1_0_0_20230911103217144559_similar_moderate.png,"[False, False]"
2_1_1_20230911104429508480_similar_accurate.png,[True]
5_0_0_20170119202224141.png,[False]
4_1_1_20170112202847954.png,[False]
5_1_1_20170116233436288.png,[False]
5_0_3_20170119200318588.png,[False]
2_1_3_20170109205323078.png,[True]
6_0_1_20170113174604139.png,[False]
4_1_2_20231111194858654816.png,"[False, False, False]"
7_0_2_20231113122043796216.png,[False]
6_1_0_20170109142039096.png,[False]
3_1_3_20170117181350659.png,[False]
5_1_1_20170116153240337.png,[False]
6_1_1_20170113012000953.png,[True]
5_1_2_20170116165601873.png,[False]
5_1_1_20170116231251529.png,[False]
0_0_1_20230911124121129189_random_imprecise.png,[False]
5_1_0_20230911122147887013_random_accurate.png,[False]
5_0_0_20170113135336472.png,[True]
4_0_0_20170116221710870.png,[False]
5_0_3_20170117154452224.png,[False]
7_1_0_20170110154151795.png,[False]
6_0_3_20170119205708991.png,[False]
2_1_0_20170109204431716.png,[False]
0_0_1_20230911145734251234_none_none.png,"[False, True]"
0_0_1_20230911114333791371_similar_imprecise.png,[False]
0_1_3_20230911114443614663_similar_accurate.png,[False]
5_1_1_20170117133947127.png,[False]
5_1_2_20170116191236376.png,[True]
5_0_3_20170119200236372.png,[False]
6_1_0_20170110160643329.png,[False]
6_1_0_20170119204510263.png,[False]
5_0_0_20170104173030290.png,[False]
2_1_1_20231111194152046784.png,"[False, False]"
5_1_0_20230911122226157081_random_accurate.png,[False]
5_1_3_20170119192143202.png,[False]
5_0_0_20170117130506374.png,[False]
5_0_0_20170117120854505.png,[False]
5_0_3_20170119194818178.png,"[False, False]"
5_1_2_20170116162403898.png,[False]
6_0_1_20170113173649243.png,[False]
0_0_1_20230911123935912709_random_imprecise.png,[False]
5_1_1_20170112231841071.png,[False]
6_1_0_20170117160427895.png,[False]
5_1_1_20170117125922762.png,[False]
5_1_1_20170113195419453.png,[False]
5_0_0_20170117180942324.png,[False]
6_1_0_20170110160643673.png,[False]
2_0_3_20231113141559341576.png,[False]
7_1_1_20230911113753229405_similar_moderate.png,[True]
3_1_0_20231112181850064032.png,[False]
7_1_0_20170110131639960.png,[True]
5_0_2_20170104020643628.png,[False]
6_1_1_20170114033403408.png,[False]
5_1_1_20170116023825964.png,[False]
5_1_1_20170112205907548.png,[False]
4_0_1_20170116215535068.png,[False]
2_1_1_20231113141937492051.png,[True]
3_0_2_20231112181513372106.png,"[True, False]"
6_0_1_20170113142208515.png,[False]
6_1_0_20170110181725541.png,[False]
0_0_2_20161219195745171.png,"[True, True]"
5_1_1_20170117184351496.png,[False]
6_1_2_20170105174330388.png,[False]
6_1_1_20170113005717990.png,[False]
6_0_0_20231113152429432452.png,[False]
4_1_2_20231112182219821726.png,[False]
5_0_0_20170119184315753.png,"[False, False]"
5_0_0_20170117134917423.png,[False]
0_0_2_20161219201523620.png,[False]
5_0_3_20170113182522174.png,[False]
6_1_0_20170117165336562.png,[False]
6_0_2_20170109012231207.png,[False]
4_1_2_20230911110224215416_similar_imprecise.png,[False]
7_1_2_20170112205409556.png,[False]
4_1_0_20170103175645974.png,[False]
5_0_0_20170117135252857.png,[False]
5_0_0_20170116205011822.png,[True]
7_0_0_20170111222624743.png,[True]
5_1_3_20170117144854965.png,[False]
4_1_2_20231113143015165170.png,[False]
5_0_0_20170117183317229.png,[False]
6_0_2_20170116193316730.png,[False]
7_1_0_20170110125535454.png,[False]
3_1_3_20170104222052685.png,[True]
5_1_2_20170116180658254.png,[True]
5_0_2_20170116184903745.png,[False]
3_1_0_20230911121030803021_random_imprecise.png,[True]
4_1_2_20230911110039091571_similar_imprecise.png,"[False, False]"
3_0_2_20230911120850325983_random_accurate.png,"[False, False]"
5_0_0_20170117173239213.png,[False]
5_0_3_20170117183448630.png,[False]
6_0_3_20170119205102983.png,[False]
6_0_3_20170119211935657.png,[False]
5_0_0_20170117172222445.png,[False]
1_1_2_20231112180613275663.png,[False]
6_1_3_20230911123140276668_random_moderate.png,[False]
1_1_2_20230911103658815007_similar_moderate.png,[False]
5_0_0_20170113183712471.png,[True]
6_1_1_20170117001154223.png,[False]
1_1_0_20170109192831145.png,[False]
5_1_1_20170116222717126.png,[False]
4_1_0_20170117150642259.png,[False]
2_1_0_20170109201536853.png,[False]
4_1_2_20230911121723502459_random_moderate.png,[False]
5_0_1_20230911121908738653_random_accurate.png,[False]
2_1_1_20231112181203229948.png,[False]
4_0_2_20170116173001224.png,[False]
5_1_3_20170119193123985.png,[False]
4_0_1_20170116024612640.png,[True]
6_0_3_20170119204331863.png,[False]
6_0_3_20170119210115168.png,[False]
0_1_0_20170109194433758.png,[True]
3_0_2_20231111194436999020.png,[False]
3_0_2_20230911104613054746_similar_accurate.png,[False]
4_0_3_20230911121438019242_random_imprecise.png,[False]
5_0_0_20170117185152073.png,[False]
5_0_3_20170119180411476.png,[False]
5_0_2_20170116174628743.png,[False]
5_1_2_20170116162143001.png,[False]
6_0_1_20170113185358000.png,[True]
4_1_1_20170114030239115.png,[False]
0_1_3_20230911114620703908_similar_moderate.png,[False]
5_0_2_20170116162307374.png,[True]
5_1_2_20170116190141356.png,[False]
3_0_3_20170117134709342.png,[False]
5_1_1_20170112205156233.png,[False]
5_1_1_20170116164035846.png,[False]
5_0_3_20170117182655941.png,[True]
6_0_0_20230911122911115243_random_accurate.png,[False]
2_0_3_20230911115940164215_random_accurate.png,[True]
7_1_1_20231111200622781893.png,[False]
5_0_3_20170119152946337.png,[False]
7_0_1_20170116003703261.png,[False]
5_0_0_20170116211700944.png,[True]
3_1_2_20170109213157620.png,[False]
4_1_1_20170115235954650.png,[False]
5_0_0_20170104204813467.png,[False]
7_0_2_20230911145544769311_none_none.png,[False]
4_0_0_20170117144111812.png,[False]
3_1_1_20170116234754901.png,[False]
6_0_1_20170113173047312.png,[False]
5_0_2_20170116191231876.png,[False]
7_1_0_20170110180511080.png,[False]
7_1_0_20170110125254674.png,[True]
7_0_2_20230911123318099191_random_imprecise.png,[False]
5_0_2_20170116175934531.png,[False]
4_1_1_20170112233618639.png,[False]
6_1_1_20170113011248822.png,[False]
4_1_0_20170117194653203.png,[False]
5_1_3_20170117183037421.png,[False]
5_1_1_20170117154027218.png,[False]
3_1_0_20230911144607022128_none_none.png,[False]
2_1_1_20230911144402932906_none_none.png,[True]
4_0_3_20231112182105930379.png,[False]
6_1_0_20170117133115674.png,[False]
4_1_3_20161220221743058.png,[False]
4_1_1_20170114030841465.png,[True]
7_1_0_20170110183801752.png,[False]
4_1_1_20170114032152049.png,[False]
4_1_3_20170119163704869.png,[False]
0_0_1_20230911124108602844_random_moderate.png,[False]
6_0_2_20170104204700955.png,[False]
0_1_2_20161219195213195.png,[False]
5_0_3_20170104230323233.png,[False]
3_0_1_20170113132627873.png,[False]
6_0_3_20170119205909616.png,[True]
2_1_0_20170109203602997.png,"[False, True]"
0_1_3_20231113154251672519.png,[False]
1_1_2_20231113141429785976.png,[False]
5_0_1_20231113145846531477.png,"[False, False]"
5_0_0_20170117122023099.png,[False]
6_0_3_20170119204235487.png,[False]
6_1_0_20170117135413979.png,[False]
5_0_3_20170117135523728.png,[False]
6_0_3_20170119211656985.png,[False]
6_0_2_20170104184032470.png,[False]
0_0_1_20230911114322485595_similar_moderate.png,"[True, False]"
4_0_3_20230911121249347977_random_moderate.png,[True]
3_1_3_20170109212742369.png,[True]
5_0_0_20170116180418155.png,[True]
5_1_2_20170116174850070.png,[False]
6_0_3_20170119202256173.png,[False]
5_0_3_20170104230725129.png,[False]
5_1_1_20170112213659687.png,[False]
4_1_2_20230911144731112894_none_none.png,[False]
4_0_3_20231113142732338952.png,[False]
7_1_1_20231111200445463484.png,[False]
6_1_0_20170117191742980.png,[False]
1_1_1_20170109194523891.png,[False]
2_0_0_20170110224500062.png,[False]
5_0_3_20170104230628769.png,[False]
4_0_2_20170116193026959.png,[False]
2_0_3_20231111193717106519.png,"[False, True]"
3_0_2_20231112181557572093.png,[False]
6_0_3_20170113190509801.png,[False]
7_0_0_20170120230506347.png,[False]
6_0_3_20170119203909752.png,[False]
5_0_0_20170117120442763.png,[False]
5_1_1_20170112231943575.png,[False]
4_1_2_20230911121757486516_random_moderate.png,[True]
6_0_0_20230911145412038696_none_none.png,[True]
0_0_3_20161220222459155.png,[True]
4_1_0_20170116215636399.png,[False]
4_0_1_20170113132532656.png,[False]
5_1_3_20170104232111402.png,[False]
5_1_1_20170116170844389.png,[False]
7_1_1_20230911145622289504_none_none.png,[False]
0_1_2_20170109194007910.png,[False]
5_1_1_20170117190506301.png,[False]
7_1_0_20170110141034090.png,[False]
6_1_0_20170110160643720.png,[False]
5_1_1_20170114024635018.png,[False]
4_0_2_20170112192931470.png,[True]
5_0_1_20230911110435336927_similar_accurate.png,"[False, False]"
2_1_1_20230911120514855856_random_accurate.png,[False]
6_1_0_20170117204602160.png,[False]
7_0_0_20170111211324676.png,[False]
5_1_1_20170116001955132.png,[False]
6_0_3_20170119205526776.png,[False]
7_0_0_20170120225240993.png,[False]
5_1_1_20170112205103738.png,[True]
7_0_2_20230911145537944272_none_none.png,[False]
5_1_0_20230911111201661982_similar_moderate.png,[True]
7_0_2_20230911112453940811_similar_imprecise.png,[False]
5_0_3_20170116223006279.png,[False]
5_0_0_20170104205320147.png,[False]
5_0_0_20170117141931817.png,[False]
0_0_0_20170110211538942.png,[True]
7_1_1_20230911145607805564_none_none.png,[False]
7_1_0_20170120230534443.png,[False]
7_0_0_20170111200435940.png,[False]
6_0_1_20170113151710086.png,[True]
5_1_1_20170116020412962.png,[False]
6_0_1_20170117173258493.png,[False]
5_1_0_20230911122237992872_random_moderate.png,[True]
5_0_2_20170119163942412.png,[False]
2_1_1_20230911104458132951_similar_imprecise.png,"[False, True]"
4_1_1_20170115235619848.png,"[False, False]"
3_0_2_20231113142120228171.png,"[False, False]"
4_1_0_20170105003235308.png,[False]
2_0_3_20231111193917969119.png,"[True, False]"
6_1_3_20231111200048700781.png,"[False, False]"
7_0_2_20230911123411910426_random_moderate.png,[False]
5_0_2_20170104022129599.png,[False]
5_1_3_20170119192426755.png,[False]
5_0_2_20170104023102422.png,[False]
0_1_2_20161219221243095.png,"[True, False]"
4_1_0_20170117144839499.png,[False]
5_1_3_20170119193105762.png,[False]
5_1_3_20170117174243837.png,[False]
5_1_2_20170116162958843.png,[False]
7_0_1_20170117190604291.png,[True]
1_1_0_20170109194247387.png,[True]
6_0_1_20170117175110498.png,[False]
3_0_1_20170113175821404.png,[False]
6_1_3_20230911112047724187_similar_imprecise.png,[False]
6_0_3_20170119194520650.png,"[False, False]"
5_0_0_20170104170512993.png,[False]
0_1_3_20230911114454268697_similar_moderate.png,[True]
5_1_0_20231112182739920159.png,"[True, False, False]"
6_1_0_20170117160407279.png,[False]
7_0_0_20170104213635701.png,[False]
5_0_0_20170119195119659.png,[False]
5_1_0_20230911111442647996_similar_moderate.png,[True]
6_0_1_20170117185317784.png,[False]
4_1_0_20170116220816105.png,[False]
0_0_1_20231113122857578766.png,[False]
7_1_3_20170105175701046.png,[False]
5_1_0_20231112182711767749.png,[False]
6_1_1_20170116021841454.png,[True]
2_0_0_20170110220408722.png,[False]
2_1_1_20230911120601069498_random_moderate.png,[False]
7_0_0_20170111222532345.png,[True]
0_1_3_20230911124453096213_random_moderate.png,[True]
6_1_1_20170113001915427.png,[False]
4_1_3_20170117142510610.png,[False]
4_1_2_20230911121733924502_random_imprecise.png,"[False, False]"
5_1_1_20170117170832874.png,[False]
5_1_1_20170115234825058.png,"[False, False]"
6_0_3_20170104201116162.png,[False]
5_0_2_20170116170852517.png,[False]
7_1_0_20170110183542726.png,[True]
6_0_0_20230911111705078547_similar_imprecise.png,[False]
5_1_3_20170104215610550.png,[False]
5_0_3_20170119180820501.png,[False]
4_0_0_20170116221926893.png,[False]
2_0_3_20231112180806704572.png,[True]
2_0_1_20170110215449668.png,[False]
3_0_2_20231111194328394374.png,[True]
5_0_0_20170117120944631.png,[False]
4_1_0_20170103234935189.png,[False]
5_0_2_20170105173426253.png,[False]
1_1_2_20230911103527373473_similar_imprecise.png,"[False, False]"
7_0_2_20230911145517476768_none_none.png,[False]
5_0_3_20170119195114531.png,[False]
3_0_0_20170110232108336.png,[True]
7_1_0_20170110183817822.png,[False]
5_0_2_20170116191718734.png,[False]
6_1_0_20170120223149451.png,[False]
6_0_3_20170119210220552.png,[False]
5_0_3_20170119171550208.png,[False]
6_0_0_20230911111816541556_similar_imprecise.png,[True]
5_1_1_20170116164948959.png,"[True, True]"
5_1_1_20170116162448538.png,[False]
5_1_2_20170116164556009.png,[False]
5_1_3_20170104232729436.png,[False]
5_1_3_20170119193126243.png,[False]
7_1_0_20170110140940217.png,[False]
3_0_1_20170113151656761.png,[False]
6_1_0_20170104184406094.png,[False]
4_0_3_20231111194726632742.png,[False]
7_0_1_20170117193731174.png,[False]
6_0_3_20170119200941652.png,[False]
2_0_3_20230911103830111398_similar_imprecise.png,[True]
5_0_0_20170116222918287.png,[True]
6_1_1_20170113012546137.png,[False]
6_0_3_20170119203950879.png,[False]
3_0_2_20230911120720321985_random_moderate.png,[False]
4_1_1_20170114030249007.png,"[False, False]"
3_0_2_20230911120634129320_random_accurate.png,[True]
7_1_0_20170110153425759.png,[False]
6_1_1_20170113001246891.png,[False]
5_1_1_20170113005018855.png,[False]
0_1_2_20161219190745330.png,[False]
3_1_0_20230911121157948341_random_moderate.png,[True]
5_1_1_20170117010333242.png,[False]
7_0_1_20170113174805802.png,[False]
5_1_2_20170116175930683.png,[False]
6_0_0_20230911145351173611_none_none.png,[False]
6_1_2_20170116162034067.png,[False]
4_1_0_20170112234126720.png,[False]
5_1_2_20170116190147549.png,[False]
4_1_3_20170119164720463.png,[False]
5_1_1_20170112215044104.png,[True]
7_1_0_20170120223641413.png,[False]
4_1_0_20170117141204569.png,[False]
6_1_0_20170113001501874.png,[False]
1_0_0_20231112180337514632.png,[True]
5_0_3_20170119193304964.png,[False]
5_0_3_20170109141302293.png,[False]
6_0_0_20231111195916815158.png,[False]
6_1_0_20170104171556786.png,[False]
5_0_3_20170119181315374.png,[False]
5_0_0_20170114034218562.png,[True]
2_0_3_20230911103931639421_similar_moderate.png,[True]
7_0_1_20170117191610001.png,[False]
2_1_0_20170109204123358.png,[True]
5_0_0_20170116222357299.png,[False]
5_0_0_20170117180449799.png,[False]
6_1_0_20170110120803050.png,[True]
5_0_2_20170119193329569.png,[False]
6_1_0_20170110173800240.png,[False]
3_0_2_20230911120644676303_random_moderate.png,[True]
0_1_3_20230911124515904124_random_accurate.png,[False]
5_0_3_20170119194510875.png,[False]
4_1_1_20170112192336718.png,[False]
4_1_2_20230911121550452838_random_imprecise.png,[False]
6_0_3_20170105175655598.png,[False]
1_0_0_20230911115503443723_random_moderate.png,[True]
6_1_1_20170113182150518.png,[False]
6_1_0_20170110122611684.png,[True]
6_0_0_20230911122846875783_random_moderate.png,[False]
6_0_2_20170113190433215.png,[False]
1_0_2_20161219190020899.png,[False]
6_1_1_20170116161657239.png,[False]
4_1_3_20170119170600774.png,[False]
5_0_0_20170103225936561.png,[False]
2_0_3_20231112180834400994.png,[False]
0_1_3_20230911114601924592_similar_accurate.png,[False]
7_0_0_20170111210545876.png,[False]
5_1_1_20170113000317146.png,[False]
5_0_3_20170119202056149.png,[False]
5_0_0_20170116224623527.png,[False]
0_1_1_20170109190848182.png,[False]
7_0_1_20170116204836635.png,[False]
6_0_2_20170116204150057.png,[False]
0_0_2_20161219194543059.png,[False]
7_1_0_20170110181054680.png,[False]
6_0_3_20170104220841902.png,[False]
4_1_0_20170116222857892.png,[False]
4_0_0_20170110232137372.png,[False]
1_1_2_20230911115818748993_random_moderate.png,[False]
7_1_0_20170110153307958.png,[False]
4_1_2_20230911121645855150_random_moderate.png,[False]
5_1_2_20170116172649981.png,[False]
5_1_2_20170104022951446.png,[False]
5_1_1_20170112210240181.png,[False]
6_1_0_20170105173601797.png,[False]
5_1_3_20170104223530512.png,[False]
4_0_2_20170104234829387.png,[False]
4_0_0_20170110231653536.png,[True]
5_0_0_20170117091206389.png,[False]
5_1_2_20170116175519439.png,[False]
0_0_2_20161219211823957.png,[False]
5_0_0_20170117202533919.png,[False]
7_1_1_20231111200533923795.png,"[False, False]"
0_0_1_20231111200737758999.png,[True]
1_1_2_20230911103515389006_similar_moderate.png,[True]
5_0_3_20170119200817972.png,[False]
6_0_1_20170117173717615.png,[False]
7_1_0_20170117171643563.png,[False]
5_0_2_20170116163655761.png,[False]
7_1_2_20170105174339014.png,[False]
0_0_1_20231111200827493751.png,[False]
5_1_1_20170113011657832.png,[False]
2_1_3_20170104221730663.png,[False]
5_0_0_20170117152311509.png,[False]
4_1_3_20170104223610175.png,[False]
5_0_0_20170117202647791.png,[False]
7_0_0_20170112222108897.png,[False]
7_1_1_20231113153154126106.png,[False]
5_0_0_20170117202947322.png,[False]
2_0_0_20170117145849076.png,[True]
5_1_1_20170112235952009.png,[False]
6_0_2_20170116193717434.png,[False]
1_0_0_20230911115337209324_random_accurate.png,[False]
6_0_1_20170113185038112.png,[False]
7_1_0_20170110181102968.png,[True]
1_1_2_20231111193504617399.png,[False]
7_0_0_20170104185320086.png,[True]
4_1_3_20170119192850574.png,[False]
4_1_1_20170114025540321.png,[False]
6_1_0_20170103180443960.png,[False]
6_1_3_20230911145443853642_none_none.png,[False]
6_1_2_20170104204657182.png,[False]
5_0_1_20230911110529605645_similar_accurate.png,[False]
6_0_3_20170113184200775.png,[True]
7_0_2_20231113122201139981.png,[False]
5_1_1_20170117135357361.png,[True]
5_1_1_20170112235125873.png,[False]
5_0_2_20170116184948230.png,[False]
4_1_1_20170113010514727.png,[False]
0_0_0_20170110213448015.png,[False]
4_1_1_20170113005503503.png,[False]
3_0_0_20170103201316167.png,[False]
6_1_0_20170105173021381.png,[False]
5_0_2_20170112193056503.png,[True]
4_1_3_20170104223452679.png,[True]
1_0_0_20230911115617079385_random_moderate.png,[False]
4_1_1_20170112233701320.png,[False]
6_0_0_20230911122859675728_random_imprecise.png,"[False, False]"
5_1_3_20170109132749602.png,[True]
5_0_2_20170116184924251.png,[True]
5_1_1_20170116024044126.png,[False]
1_0_0_20230911143728787069_none_none.png,[False]
2_1_1_20230911104350035539_similar_accurate.png,[False]
1_1_0_20170109191527360.png,[True]
0_1_2_20161219212714374.png,[False]
5_1_1_20170112234340711.png,[False]
6_0_3_20170112205533156.png,[True]
3_0_0_20170116201123807.png,[False]
3_1_0_20230911105146762911_similar_imprecise.png,[False]
6_0_0_20230911122653704807_random_imprecise.png,[False]
1_1_2_20230911103623763601_similar_moderate.png,[True]
5_1_2_20170116180734484.png,[False]
6_0_1_20170117204159441.png,[True]
6_1_3_20170104181430093.png,[False]
5_1_2_20170116185938978.png,[False]
5_1_0_20230911111229361442_similar_accurate.png,[False]
6_0_2_20170116191148275.png,[True]
6_1_1_20170110143501684.png,[False]
5_1_2_20170116184052021.png,[False]
6_1_0_20170110160643845.png,[True]
5_0_2_20170116162117606.png,[False]
5_0_0_20170104170538793.png,[True]
6_0_1_20170113174854844.png,[True]
2_1_3_20170104222541621.png,[False]
6_0_2_20170116184935713.png,[True]
7_1_1_20230911113741275823_similar_accurate.png,[False]
4_0_1_20170116205610920.png,[False]
5_1_1_20170116232325361.png,[True]
4_1_0_20170116220644040.png,[False]
7_1_1_20231113153218257091.png,[True]
0_1_3_20231113122832882284.png,[False]
5_0_0_20170117180401255.png,[False]
5_1_2_20170104020913116.png,[False]
2_1_1_20230911120409438983_random_moderate.png,[False]
5_0_0_20170117184723591.png,[False]
7_1_0_20170120221920654.png,[True]
5_0_1_20230911122040286252_random_imprecise.png,[False]
0_1_1_20170109190549164.png,[False]
5_0_0_20170117134849833.png,[False]
5_0_0_20170117181238996.png,[True]
7_0_0_20170111211700924.png,[False]
4_0_3_20231111194704861073.png,[False]
6_0_2_20170116192700927.png,[True]
5_1_3_20170104223430207.png,[False]
2_1_1_20231112181306505501.png,[False]
2_1_2_20170109201545634.png,[False]
5_1_1_20170105001003876.png,[False]
5_1_3_20170109141945326.png,[True]
5_0_2_20170116191223232.png,[False]
5_1_3_20170104235227202.png,[False]
5_0_0_20170117123747212.png,[False]
7_0_1_20170113175613132.png,[False]
2_1_0_20170109205100937.png,[True]
5_0_2_20170119193326050.png,[False]
2_0_3_20230911144253436601_none_none.png,[True]
2_0_0_20170104230750674.png,[False]
5_0_1_20230911110548334556_similar_moderate.png,[False]
3_0_0_20170117193043124.png,[False]
5_0_0_20170117180516071.png,[False]
1_1_2_20230911115744776315_random_moderate.png,[True]
5_1_0_20230911122249550123_random_imprecise.png,[False]
5_0_3_20170119194512051.png,[False]
5_0_0_20170104165835728.png,[False]
6_0_3_20170113190535208.png,[False]
5_1_3_20170117141103735.png,[False]
5_0_0_20170117105105170.png,[True]
0_1_0_20161219194707290.png,[False]
2_0_0_20170110221811823.png,[True]
5_1_3_20170119172137400.png,[False]
3_0_2_20231113142054619489.png,"[True, False]"
0_0_0_20170110213043946.png,[False]
5_0_3_20170119195300259.png,[True]
5_0_2_20170116184944206.png,[False]
6_1_0_20170117191846791.png,[False]
5_0_1_20230911145206130749_none_none.png,[False]
1_1_2_20231112180552597972.png,[False]
1_1_0_20170109193010080.png,[False]
4_1_3_20170109132139583.png,[False]
0_1_2_20161219222030167.png,[True]
7_1_0_20170110140413980.png,[True]
7_1_1_20230911113816960289_similar_accurate.png,[False]
5_0_3_20170119183240167.png,[False]
1_1_2_20230911103612637753_similar_accurate.png,[False]
5_1_0_20231111195759847493.png,[True]
5_1_1_20170117140407096.png,[False]
5_0_0_20170104172409163.png,[False]
3_0_2_20230911104835129752_similar_accurate.png,[False]
6_0_2_20170116191323693.png,[False]
5_1_3_20170119192520722.png,[False]
2_0_2_20170105000510274.png,[False]
6_1_0_20170104212854053.png,[False]
3_0_0_20170110232200900.png,[True]
3_0_2_20230911104601605793_similar_imprecise.png,[True]
5_1_0_20230911122516701743_random_imprecise.png,[False]
3_0_0_20170110232022621.png,[False]
6_1_0_20170117180655625.png,[False]
5_1_1_20170116175448301.png,[False]
5_1_3_20170119193136450.png,[False]
2_0_3_20231113141757282285.png,[False]
6_1_0_20170113210319682.png,[False]
4_0_3_20230911105840868869_similar_accurate.png,"[False, False]"
5_0_0_20170116214408892.png,[False]
6_0_3_20170119211851937.png,[False]
7_0_3_20170120225250881.png,[False]
5_0_0_20170116211924733.png,[False]
5_1_0_20231111195509625772.png,[True]
2_0_0_20170110220453002.png,[True]
2_1_1_20230911104158289969_similar_accurate.png,[False]
5_1_1_20170116002032659.png,[True]
4_1_1_20170113010358791.png,[False]
5_1_1_20170116232538007.png,[False]
5_0_0_20170116235217494.png,[True]
7_0_3_20170117172823785.png,[False]
5_0_0_20170104205607908.png,[False]
6_0_3_20170119183135878.png,[False]
0_1_0_20161219201307075.png,[False]
5_0_0_20170117114924356.png,[False]
2_1_1_20231111194054834371.png,[True]
0_0_2_20161219192150665.png,[False]
7_0_0_20170111222700442.png,[False]
7_1_1_20230911123747289530_random_accurate.png,[False]
0_0_2_20161219212648582.png,[False]
4_1_1_20170112233321383.png,[False]
5_1_1_20170112235521289.png,[False]
7_0_2_20231113122133954904.png,[True]
4_1_3_20170119180453339.png,[False]
6_1_0_20170104185820366.png,[True]
4_1_0_20170116225049260.png,[False]
5_1_2_20170116180027456.png,[False]
6_1_1_20170116003204136.png,[False]
7_1_0_20170120225836610.png,[True]
4_1_3_20170104231613281.png,[False]
5_1_0_20230911122417281274_random_accurate.png,[True]
5_0_2_20170116212011508.png,[True]
4_0_0_20170105161704786.png,[False]
2_1_2_20170103200922406.png,[False]
2_1_0_20170109203557851.png,[False]
6_1_3_20230911112014028434_similar_imprecise.png,[False]
2_1_1_20230911120612142193_random_imprecise.png,[True]
5_0_0_20170116183826361.png,[True]
1_1_2_20230911144231176006_none_none.png,[False]
5_1_2_20170116175443429.png,[False]
6_1_3_20230911123022171276_random_moderate.png,[False]
5_1_1_20170116153853816.png,[False]
6_0_2_20170112223845572.png,[True]
4_1_1_20170114033456731.png,[True]
7_1_0_20170110182841384.png,[False]
4_1_1_20170113005832318.png,[False]
3_0_0_20170110232803098.png,[False]
5_0_3_20170117151819492.png,[True]
5_1_2_20170116163331282.png,[False]
4_1_2_20231111195003545690.png,[False]
7_0_2_20231113122111398333.png,[True]
7_1_1_20231113122614059419.png,[True]
4_0_2_20170116161813837.png,[True]
5_0_0_20170105164133579.png,[False]
5_0_0_20170117142934426.png,[True]
0_1_0_20170109193334553.png,[False]
5_0_3_20170119180509236.png,[False]
5_1_1_20170113012901907.png,[False]
